sample_id,image_file,side,roi_name,object_id,centroid_x,centroid_y,area_px,bbox_min_row,bbox_min_col,bbox_max_row,bbox_max_col,region
demo_image,demo_image.tif,right,CPu_R,53,5436.935427574171,1893.6485165794063,2865,1859,5403,1933,5471,dorsal
demo_image,demo_image.tif,right,CPu_R,54,5093.092146596859,1914.074694589878,2865,1869,5056,1964,5129,dorsal
demo_image,demo_image.tif,right,CPu_R,55,5388.585091420535,1897.2611345522737,2133,1869,5361,1931,5419,dorsal
demo_image,demo_image.tif,right,CPu_R,56,5535.170948155068,1929.170481083606,2141,1888,5501,1973,5566,dorsal
demo_image,demo_image.tif,right,CPu_R,57,4867.535534213685,1994.3534213685475,8330,1891,4837,2077,4904,dorsal
demo_image,demo_image.tif,right,CPu_R,58,5434.88900273224,1944.5908469945357,2928,1904,5395,1979,5471,dorsal
demo_image,demo_image.tif,right,CPu_R,59,5190.711883408072,1931.8508968609865,892,1909,5167,1961,5210,dorsal
demo_image,demo_image.tif,right,CPu_R,60,5035.137085137085,1962.5798804370231,4851,1910,4993,2029,5067,dorsal
demo_image,demo_image.tif,right,CPu_R,62,5184.839176161262,1964.2703768624017,2282,1916,5162,2006,5209,dorsal
demo_image,demo_image.tif,right,CPu_R,63,5507.860009332711,1966.5090993933736,2143,1921,5483,2014,5533,dorsal
demo_image,demo_image.tif,right,CPu_R,64,5242.661804922516,1973.614706776056,3291,1926,5210,2045,5265,dorsal
demo_image,demo_image.tif,right,CPu_R,65,4986.601559850797,1963.795523906409,2949,1928,4954,1998,5020,dorsal
demo_image,demo_image.tif,right,CPu_R,66,5395.803571428572,1953.2888655462184,952,1935,5375,1975,5414,dorsal
demo_image,demo_image.tif,right,CPu_R,67,5708.443435177539,1965.6325350949628,1211,1942,5692,1991,5725,dorsal
demo_image,demo_image.tif,right,CPu_R,68,5630.182608695653,1977.988932806324,1265,1944,5606,2003,5647,dorsal
demo_image,demo_image.tif,right,CPu_R,69,5746.799640610961,1966.651392632525,1113,1944,5726,1991,5769,dorsal
demo_image,demo_image.tif,right,CPu_R,70,5430.970108695652,1996.5167572463768,2208,1965,5406,2031,5456,dorsal
demo_image,demo_image.tif,right,CPu_R,71,5124.902451225613,2004.6673336668337,1999,1979,5099,2035,5154,dorsal
demo_image,demo_image.tif,right,CPu_R,72,5798.746511627907,2004.379069767442,860,1984,5787,2026,5814,dorsal
demo_image,demo_image.tif,right,CPu_R,73,5547.1970731707315,2014.8136585365853,1025,1985,5530,2043,5569,dorsal
demo_image,demo_image.tif,right,CPu_R,75,5391.297002724796,2036.5040871934605,2569,1990,5374,2086,5410,dorsal
demo_image,demo_image.tif,right,CPu_R,76,5759.044319097502,2021.9290894439969,1241,1991,5740,2058,5777,dorsal
demo_image,demo_image.tif,right,CPu_R,77,5019.362481680508,2033.6846604787495,4094,1992,4983,2077,5056,dorsal
demo_image,demo_image.tif,right,CPu_R,78,5472.475328947368,2016.0822368421052,1216,1996,5453,2035,5496,dorsal
demo_image,demo_image.tif,right,CPu_R,79,4762.112480739599,2031.7326656394453,1298,1997,4751,2072,4776,dorsal
demo_image,demo_image.tif,right,CPu_R,80,5738.302918207974,2034.5717221537195,2433,1997,5708,2080,5775,dorsal
demo_image,demo_image.tif,right,CPu_R,81,5648.916068866571,2038.3195839311336,2788,2001,5622,2078,5680,dorsal
demo_image,demo_image.tif,right,CPu_R,82,5425.953922789539,2059.961083437111,3212,2002,5404,2105,5458,dorsal
demo_image,demo_image.tif,right,CPu_R,83,5529.355443403028,2031.8010093727469,1387,2007,5505,2062,5552,dorsal
demo_image,demo_image.tif,right,CPu_R,84,5233.469135802469,2048.420754087421,2997,2010,5207,2086,5262,dorsal
demo_image,demo_image.tif,right,CPu_R,85,5169.546456692913,2051.7311023622046,2540,2015,5140,2095,5202,dorsal
demo_image,demo_image.tif,right,CPu_R,86,5131.829931972789,2063.0461401952084,3381,2016,5093,2110,5169,dorsal
demo_image,demo_image.tif,right,CPu_R,88,4986.154722036169,2051.614869390489,1493,2025,4965,2079,5011,dorsal
demo_image,demo_image.tif,right,CPu_R,89,4796.584792122539,2064.176695842451,1828,2026,4781,2104,4814,dorsal
demo_image,demo_image.tif,right,CPu_R,90,5459.25488997555,2056.617359413203,1636,2026,5436,2087,5483,dorsal
demo_image,demo_image.tif,right,CPu_R,91,5863.091228070175,2047.7602339181287,855,2026,5852,2073,5877,dorsal
demo_image,demo_image.tif,right,CPu_R,93,5818.092568448501,2052.767926988266,767,2035,5802,2074,5838,dorsal
demo_image,demo_image.tif,right,CPu_R,94,5520.881221719457,2072.736425339366,1768,2036,5498,2111,5551,dorsal
demo_image,demo_image.tif,right,CPu_R,95,5718.027415143603,2062.921671018277,766,2039,5707,2084,5729,dorsal
demo_image,demo_image.tif,right,CPu_R,96,5886.023598820059,2057.1725663716816,678,2045,5868,2072,5905,dorsal
demo_image,demo_image.tif,right,CPu_R,98,5341.135633551457,2072.1641879833433,1681,2046,5319,2101,5364,dorsal
demo_image,demo_image.tif,right,CPu_R,100,5634.344344344345,2078.56006006006,1998,2048,5607,2111,5663,dorsal
demo_image,demo_image.tif,right,CPu_R,101,5746.323237885463,2085.7924008810573,1816,2048,5727,2120,5767,dorsal
demo_image,demo_image.tif,right,CPu_R,103,5926.018301610542,2093.2064421669106,2732,2050,5904,2132,5949,dorsal
demo_image,demo_image.tif,right,CPu_R,104,5577.632127192983,2086.8974780701756,1824,2053,5551,2120,5608,dorsal
demo_image,demo_image.tif,right,CPu_R,105,5216.561324823185,2114.5000862515094,5797,2062,5166,2165,5272,dorsal
demo_image,demo_image.tif,right,CPu_R,107,5617.129378127233,2107.2458899213725,1399,2072,5602,2140,5636,dorsal
demo_image,demo_image.tif,right,CPu_R,108,4869.785416666667,2098.815972222222,1440,2073,4849,2129,4888,dorsal
demo_image,demo_image.tif,right,CPu_R,111,5471.873510540789,2101.7910174152153,1091,2081,5453,2132,5490,dorsal
demo_image,demo_image.tif,right,CPu_R,112,5087.712181303116,2143.045325779037,5295,2089,5046,2195,5131,dorsal
demo_image,demo_image.tif,right,CPu_R,114,4788.8437200383505,2110.9453499520614,1043,2090,4770,2133,4807,dorsal
demo_image,demo_image.tif,right,CPu_R,115,5310.963005780347,2117.9959537572254,1730,2090,5291,2145,5335,dorsal
demo_image,demo_image.tif,right,CPu_R,116,5446.494855625622,2127.7271822104217,3013,2091,5408,2167,5481,dorsal
demo_image,demo_image.tif,right,CPu_R,118,4903.983853006682,2134.6319599109133,1796,2098,4887,2169,4923,dorsal
demo_image,demo_image.tif,right,CPu_R,119,5645.628726287263,2125.762872628726,738,2099,5629,2153,5661,dorsal
demo_image,demo_image.tif,right,CPu_R,120,4754.438832772166,2114.5364758698092,891,2102,4733,2128,4776,dorsal
demo_image,demo_image.tif,right,CPu_R,122,4958.465699208443,2161.868073878628,3032,2104,4939,2212,4981,dorsal
demo_image,demo_image.tif,right,CPu_R,123,5691.710022953328,2127.7490436113235,1307,2104,5670,2150,5718,dorsal
demo_image,demo_image.tif,right,CPu_R,126,5744.509375,2136.3359375,1280,2109,5729,2164,5761,dorsal
demo_image,demo_image.tif,right,CPu_R,127,5394.4807692307695,2147.13595706619,2236,2112,5364,2184,5423,dorsal
demo_image,demo_image.tif,right,CPu_R,128,5016.190900098912,2153.9441147378834,2022,2116,4991,2193,5042,dorsal
demo_image,demo_image.tif,right,CPu_R,130,6051.523137254902,2140.0635294117646,1275,2117,6031,2160,6076,dorsal
demo_image,demo_image.tif,right,CPu_R,131,5501.13185483871,2154.9548387096775,2480,2118,5475,2198,5528,dorsal
demo_image,demo_image.tif,right,CPu_R,132,5782.1799324650265,2158.534973468403,2073,2118,5766,2200,5799,dorsal
demo_image,demo_image.tif,right,CPu_R,133,5174.55929304447,2162.4301596351197,3508,2120,5147,2200,5209,dorsal
demo_image,demo_image.tif,right,CPu_R,135,4881.020987654321,2140.3913580246913,810,2122,4866,2160,4895,dorsal
demo_image,demo_image.tif,right,CPu_R,136,5035.325499412456,2144.1198589894243,851,2124,5022,2165,5052,dorsal
demo_image,demo_image.tif,right,CPu_R,137,5678.921221864952,2172.756028938906,2488,2126,5658,2215,5705,dorsal
demo_image,demo_image.tif,right,CPu_R,138,4785.523076923077,2138.2923076923075,325,2127,4777,2150,4795,dorsal
demo_image,demo_image.tif,right,CPu_R,139,5887.347651006711,2157.612080536913,745,2132,5873,2185,5901,dorsal
demo_image,demo_image.tif,right,CPu_R,140,5867.1069230769235,2163.9553846153844,1300,2133,5851,2193,5883,dorsal
demo_image,demo_image.tif,right,CPu_R,141,5634.782961460446,2156.5943204868154,986,2136,5617,2175,5659,dorsal
demo_image,demo_image.tif,right,CPu_R,142,5987.275362318841,2153.1666666666665,552,2136,5973,2173,6000,dorsal
demo_image,demo_image.tif,right,CPu_R,146,5579.917511832319,2170.0797836375928,1479,2141,5554,2202,5604,dorsal
demo_image,demo_image.tif,right,CPu_R,148,5720.661056883204,2193.398519017166,2971,2144,5686,2240,5755,dorsal
demo_image,demo_image.tif,right,CPu_R,149,4841.048465729854,2187.2142242615428,3487,2147,4812,2233,4876,dorsal
demo_image,demo_image.tif,right,CPu_R,150,5533.081251975972,2200.623458741701,3163,2150,5501,2242,5559,dorsal
demo_image,demo_image.tif,right,CPu_R,151,5938.39927184466,2182.4296116504856,1648,2150,5923,2212,5958,dorsal
demo_image,demo_image.tif,right,CPu_R,153,4877.694444444444,2178.8814814814814,1080,2155,4864,2207,4891,dorsal
demo_image,demo_image.tif,right,CPu_R,154,5232.004191616767,2194.505389221557,1670,2156,5205,2235,5264,dorsal
demo_image,demo_image.tif,right,CPu_R,158,5308.390107526881,2196.736774193548,2325,2168,5285,2228,5338,dorsal
demo_image,demo_image.tif,right,CPu_R,159,4906.104026845637,2191.1459731543623,1192,2169,4892,2217,4922,dorsal
demo_image,demo_image.tif,right,CPu_R,161,6011.258805513017,2183.4977029096476,653,2171,5992,2196,6033,dorsal
demo_image,demo_image.tif,right,CPu_R,162,5464.247814910026,2212.2971722365037,1945,2173,5447,2252,5487,dorsal
demo_image,demo_image.tif,right,CPu_R,163,5652.260541500222,2201.2534398579674,2253,2173,5623,2237,5682,dorsal
demo_image,demo_image.tif,right,CPu_R,164,5748.129192546584,2195.92049689441,805,2173,5731,2225,5763,dorsal
demo_image,demo_image.tif,right,CPu_R,165,4798.315379623621,2201.9695003244647,1541,2174,4777,2228,4819,dorsal
demo_image,demo_image.tif,right,CPu_R,166,6086.525525525525,2189.5735735735734,333,2178,6078,2202,6098,dorsal
demo_image,demo_image.tif,right,CPu_R,170,4675.173204586602,2221.132770066385,1657,2187,4652,2258,4701,dorsal
demo_image,demo_image.tif,right,CPu_R,171,5393.606636597938,2224.9300902061855,3104,2187,5367,2263,5421,dorsal
demo_image,demo_image.tif,right,CPu_R,172,5590.341342756184,2213.3971731448764,1415,2188,5568,2238,5614,dorsal
demo_image,demo_image.tif,right,CPu_R,173,5345.903703703703,2220.716049382716,1620,2189,5324,2247,5371,dorsal
demo_image,demo_image.tif,right,CPu_R,175,4971.964912280701,2221.863859649123,1425,2194,4947,2251,4994,dorsal
demo_image,demo_image.tif,right,CPu_R,176,6092.619450317125,2212.65644820296,946,2195,6074,2232,6113,dorsal
demo_image,demo_image.tif,right,CPu_R,178,5124.1961563949635,2224.0337972167,1509,2203,5101,2249,5154,dorsal
demo_image,demo_image.tif,right,CPu_R,180,4927.542222222222,2226.448888888889,900,2205,4910,2247,4943,dorsal
demo_image,demo_image.tif,right,CPu_R,181,5777.211519364449,2226.1350546176764,1007,2205,5759,2249,5795,dorsal
demo_image,demo_image.tif,right,CPu_R,182,5929.886211512718,2227.4805890227576,747,2205,5913,2247,5949,dorsal
demo_image,demo_image.tif,right,CPu_R,183,5826.658058771149,2238.4848619768477,2246,2206,5798,2272,5856,dorsal
demo_image,demo_image.tif,right,CPu_R,185,5991.892761394102,2238.4520107238604,1865,2209,5973,2275,6013,dorsal
demo_image,demo_image.tif,right,CPu_R,186,4880.442548350398,2238.3703071672353,1758,2210,4854,2268,4908,dorsal
demo_image,demo_image.tif,right,CPu_R,187,5213.54467168999,2255.6552744886976,3716,2211,5186,2301,5246,dorsal
demo_image,demo_image.tif,right,CPu_R,188,5447.715648854962,2241.9872773536895,1572,2215,5420,2276,5476,dorsal
demo_image,demo_image.tif,right,CPu_R,190,5705.760323159785,2244.067324955117,1114,2219,5686,2274,5725,dorsal
demo_image,demo_image.tif,right,CPu_R,192,5499.8663926002055,2245.0359712230215,973,2222,5483,2271,5517,dorsal
demo_image,demo_image.tif,right,CPu_R,194,5305.787555555556,2243.1768888888887,1125,2225,5288,2267,5324,dorsal
demo_image,demo_image.tif,right,CPu_R,195,5737.813679245283,2257.966391509434,1696,2225,5711,2291,5760,dorsal
demo_image,demo_image.tif,right,CPu_R,196,5674.273019271948,2248.6991434689508,934,2226,5657,2269,5692,dorsal
demo_image,demo_image.tif,right,CPu_R,197,5164.965360072926,2259.6431175934367,2194,2228,5132,2299,5192,dorsal
demo_image,demo_image.tif,right,CPu_R,198,5968.435820895523,2249.568656716418,670,2229,5958,2271,5981,dorsal
demo_image,demo_image.tif,right,CPu_R,199,5278.604838709677,2254.181818181818,1364,2230,5257,2285,5300,dorsal
demo_image,demo_image.tif,right,CPu_R,201,4953.976725521669,2262.3675762439807,1246,2233,4940,2291,4970,dorsal
demo_image,demo_image.tif,right,CPu_R,202,4815.770375161707,2275.514877102199,1546,2235,4792,2319,4840,dorsal
demo_image,demo_image.tif,right,CPu_R,203,5632.748768472907,2257.52052545156,1218,2235,5616,2283,5650,dorsal
demo_image,demo_image.tif,right,CPu_R,204,6046.847084708471,2256.4609460946094,909,2235,6034,2280,6061,dorsal
demo_image,demo_image.tif,right,CPu_R,205,6104.929787234042,2248.0829787234043,470,2235,6091,2262,6120,dorsal
demo_image,demo_image.tif,right,CPu_R,207,5887.860637509266,2272.702742772424,2698,2238,5865,2310,5912,dorsal
demo_image,demo_image.tif,right,CPu_R,208,5045.956585724798,2263.7454010301694,1359,2240,5028,2291,5065,dorsal
demo_image,demo_image.tif,right,CPu_R,210,4917.624313186813,2290.157509157509,4368,2243,4887,2336,4950,dorsal
demo_image,demo_image.tif,right,CPu_R,211,5092.716857610475,2282.531587561374,3055,2244,5061,2321,5129,dorsal
demo_image,demo_image.tif,right,CPu_R,213,5145.242424242424,2289.0980716253443,3630,2246,5103,2329,5190,dorsal
demo_image,demo_image.tif,right,CPu_R,214,5499.747389358528,2280.214321233217,2011,2246,5472,2315,5531,dorsal
demo_image,demo_image.tif,right,CPu_R,216,5586.560720511331,2274.8884369552584,1721,2248,5563,2304,5611,dorsal
demo_image,demo_image.tif,right,CPu_R,218,6136.470449172577,2263.747044917258,423,2249,6127,2280,6147,dorsal
demo_image,demo_image.tif,right,CPu_R,221,5329.648570043626,2282.123606398449,2063,2258,5295,2310,5362,dorsal
demo_image,demo_image.tif,right,CPu_R,222,5813.064516129032,2295.5382317801673,1674,2258,5779,2338,5851,dorsal
demo_image,demo_image.tif,right,CPu_R,223,5441.956140350877,2285.6828609986505,1482,2259,5425,2315,5459,dorsal
demo_image,demo_image.tif,right,CPu_R,224,5680.393939393939,2293.462962962963,2970,2262,5649,2326,5711,dorsal
demo_image,demo_image.tif,right,CPu_R,226,4860.059025133282,2303.8015993907084,2626,2269,4836,2341,4885,dorsal
demo_image,demo_image.tif,right,CPu_R,227,6188.374449339207,2279.4052863436123,227,2272,6179,2288,6197,dorsal
demo_image,demo_image.tif,right,CPu_R,231,5252.453798767967,2301.1632443531826,974,2277,5236,2320,5272,dorsal
demo_image,demo_image.tif,right,CPu_R,232,6026.3141025641025,2306.0091575091574,1092,2278,6013,2331,6040,dorsal
demo_image,demo_image.tif,right,CPu_R,233,5075.425874950845,2317.7314195831696,2543,2280,5041,2352,5110,dorsal
demo_image,demo_image.tif,right,CPu_R,234,6047.807738814994,2302.2648125755745,827,2281,6036,2326,6060,dorsal
demo_image,demo_image.tif,right,CPu_R,235,5646.469980632666,2312.181407359587,1549,2283,5620,2344,5675,dorsal
demo_image,demo_image.tif,right,CPu_R,236,5856.216322517207,2309.8938053097345,1017,2283,5839,2338,5877,dorsal
demo_image,demo_image.tif,right,CPu_R,237,5922.851979345955,2301.025817555938,581,2285,5908,2321,5936,dorsal
demo_image,demo_image.tif,right,CPu_R,241,6174.6348684210525,2295.4868421052633,304,2289,6162,2303,6188,dorsal
demo_image,demo_image.tif,right,CPu_R,242,5316.759424041417,2333.5696489241222,6181,2290,5270,2379,5363,dorsal
demo_image,demo_image.tif,right,CPu_R,243,5773.263888888889,2327.0119047619046,2016,2291,5755,2373,5795,dorsal
demo_image,demo_image.tif,right,CPu_R,244,6193.5626911314985,2303.538226299694,327,2291,6184,2316,6203,dorsal
demo_image,demo_image.tif,right,CPu_R,245,5222.4909365558915,2334.4592145015104,1986,2295,5207,2376,5240,dorsal
demo_image,demo_image.tif,right,CPu_R,246,5805.699863574352,2315.6780354706684,733,2296,5792,2337,5819,dorsal
demo_image,demo_image.tif,right,CPu_R,247,5506.938888888889,2318.521111111111,900,2297,5485,2337,5531,dorsal
demo_image,demo_image.tif,right,CPu_R,248,5910.816021724372,2327.3014256619144,1473,2297,5895,2355,5934,dorsal
demo_image,demo_image.tif,right,CPu_R,250,5533.49168207024,2316.513863216266,541,2299,5520,2334,5544,dorsal
demo_image,demo_image.tif,right,CPu_R,252,5746.234042553191,2319.0605564648117,611,2300,5737,2340,5756,dorsal
demo_image,demo_image.tif,right,CPu_R,253,5629.228260869565,2320.06884057971,552,2301,5611,2339,5650,dorsal
demo_image,demo_image.tif,right,CPu_R,256,5559.271531100479,2331.745215311005,836,2311,5543,2352,5579,dorsal
demo_image,demo_image.tif,right,CPu_R,257,5725.939048894843,2339.6811788345613,1493,2313,5703,2366,5749,dorsal
demo_image,demo_image.tif,right,CPu_R,259,6159.12084592145,2327.797583081571,331,2317,6148,2340,6170,dorsal
demo_image,demo_image.tif,right,CPu_R,260,5466.875881523272,2343.8173483779974,1418,2318,5444,2382,5488,dorsal
demo_image,demo_image.tif,right,CPu_R,261,6128.55905511811,2328.556430446194,381,2319,6114,2338,6143,dorsal
demo_image,demo_image.tif,right,CPu_R,262,5123.209915611815,2341.272151898734,948,2321,5103,2368,5143,dorsal
demo_image,demo_image.tif,right,CPu_R,264,5692.079928952043,2340.002664298401,1126,2322,5670,2360,5714,dorsal
demo_image,demo_image.tif,right,CPu_R,265,5396.258377853327,2354.003885381253,2059,2324,5368,2390,5430,dorsal
demo_image,demo_image.tif,right,CPu_R,266,6068.384778012685,2342.019027484144,473,2325,6061,2361,6077,dorsal
demo_image,demo_image.tif,right,CPu_R,267,5151.287138584247,2346.9461615154537,1003,2326,5131,2372,5170,dorsal
demo_image,demo_image.tif,right,CPu_R,268,5883.354863221884,2354.324468085106,1316,2327,5861,2382,5904,dorsal
demo_image,demo_image.tif,right,CPu_R,270,4829.1200946558865,2379.222046933544,5071,2328,4795,2434,4876,dorsal
demo_image,demo_image.tif,right,CPu_R,271,6010.431067961165,2353.823300970874,1030,2328,5995,2377,6024,dorsal
demo_image,demo_image.tif,right,CPu_R,272,6148.701474201474,2351.5454545454545,814,2330,6135,2379,6160,dorsal
demo_image,demo_image.tif,right,CPu_R,273,5820.18901890189,2358.1710171017103,1111,2331,5795,2389,5842,dorsal
demo_image,demo_image.tif,right,CPu_R,274,5993.577181208054,2343.1241610738257,298,2331,5986,2359,6001,dorsal
demo_image,demo_image.tif,right,CPu_R,277,5188.833333333333,2372.081330128205,2496,2335,5165,2418,5211,dorsal
demo_image,demo_image.tif,right,CPu_R,279,5455.862390067253,2371.235385411278,1933,2338,5428,2405,5485,dorsal
demo_image,demo_image.tif,right,CPu_R,281,5693.429515418502,2378.7290748898677,2270,2340,5657,2425,5734,dorsal
demo_image,demo_image.tif,right,CPu_R,282,5964.119730185497,2358.6677908937604,593,2340,5954,2381,5975,dorsal
demo_image,demo_image.tif,right,CPu_R,284,4955.135939323221,2393.2392065344225,3428,2348,4931,2444,4979,dorsal
demo_image,demo_image.tif,right,CPu_R,285,5586.1265392781315,2384.202972399151,2355,2348,5561,2426,5610,dorsal
demo_image,demo_image.tif,right,CPu_R,287,5122.041401273886,2374.811305732484,1256,2349,5103,2400,5143,dorsal
demo_image,demo_image.tif,right,CPu_R,289,5852.994402985075,2379.7332089552237,1072,2350,5840,2406,5871,dorsal
demo_image,demo_image.tif,right,CPu_R,291,5653.11118251928,2379.6021850899742,1556,2352,5631,2409,5675,dorsal
demo_image,demo_image.tif,right,CPu_R,292,6238.511450381679,2364.0966921119593,393,2354,6225,2378,6251,dorsal
demo_image,demo_image.tif,right,CPu_R,294,6130.540489642184,2378.978342749529,1062,2358,6112,2400,6152,dorsal
demo_image,demo_image.tif,right,CPu_R,297,5727.412923561859,2390.19621749409,1269,2363,5711,2419,5746,dorsal
demo_image,demo_image.tif,right,CPu_R,300,5047.750459464978,2410.1025117418826,4897,2365,5011,2456,5086,dorsal
demo_image,demo_image.tif,right,CPu_R,301,6174.45205479452,2394.141201264489,949,2366,6165,2426,6185,dorsal
demo_image,demo_image.tif,right,CPu_R,302,5997.910401647786,2399.8491246138,1942,2368,5976,2433,6018,dorsal
demo_image,demo_image.tif,right,CPu_R,305,5568.199052132702,2407.754739336493,1688,2372,5543,2439,5603,dorsal
demo_image,demo_image.tif,right,CPu_R,306,6209.507343124165,2381.4873164218957,749,2372,6186,2392,6233,dorsal
demo_image,demo_image.tif,right,CPu_R,308,5451.1730038022815,2409.088086185044,1578,2373,5430,2445,5472,dorsal
demo_image,demo_image.tif,right,CPu_R,311,5906.042272126816,2392.443857331572,757,2375,5891,2412,5923,dorsal
demo_image,demo_image.tif,right,CPu_R,314,5965.346599131693,2404.892908827786,1382,2379,5946,2430,5987,dorsal
demo_image,demo_image.tif,right,CPu_R,317,5173.236835210899,2429.485721771024,3817,2384,5142,2472,5208,dorsal
demo_image,demo_image.tif,right,CPu_R,319,6068.701492537313,2424.045924225029,871,2387,6058,2451,6083,dorsal
demo_image,demo_image.tif,right,CPu_R,321,5383.547257876313,2413.0431738623106,1714,2390,5360,2448,5406,dorsal
demo_image,demo_image.tif,right,CPu_R,322,5793.618752764263,2420.6890756302523,2261,2390,5766,2455,5824,dorsal
demo_image,demo_image.tif,right,CPu_R,323,5698.143266475645,2415.760744985673,698,2395,5684,2437,5714,dorsal
demo_image,demo_image.tif,right,CPu_R,324,5626.733158355206,2432.094050743657,2286,2396,5603,2470,5651,dorsal
demo_image,demo_image.tif,right,CPu_R,325,5914.557835820896,2415.981343283582,536,2401,5901,2433,5930,dorsal
demo_image,demo_image.tif,right,CPu_R,326,6141.171073094868,2425.0287713841367,1286,2401,6124,2449,6159,dorsal
demo_image,demo_image.tif,right,CPu_R,327,4867.322664924885,2464.041802743305,6124,2402,4825,2533,4900,dorsal
demo_image,demo_image.tif,right,CPu_R,328,5359.040050590219,2437.3806913996627,2372,2404,5326,2475,5390,dorsal
demo_image,demo_image.tif,right,CPu_R,329,5134.044756179024,2470.88543754175,2994,2407,5109,2516,5159,dorsal
demo_image,demo_image.tif,right,CPu_R,330,5327.654161781946,2467.018757327081,4265,2409,5299,2511,5369,dorsal
demo_image,demo_image.tif,right,CPu_R,331,5668.302721088436,2445.000850340136,2352,2410,5646,2482,5699,dorsal
demo_image,demo_image.tif,right,CPu_R,332,6165.059490084986,2422.6968838526914,353,2410,6155,2437,6176,dorsal
demo_image,demo_image.tif,right,CPu_R,333,5101.498581962564,2438.437889960295,1763,2412,5080,2467,5124,dorsal
demo_image,demo_image.tif,right,CPu_R,334,6294.578417266187,2442.8136690647484,1390,2412,6276,2469,6314,dorsal
demo_image,demo_image.tif,right,CPu_R,338,5926.772264631043,2438.7175572519086,786,2417,5913,2460,5939,dorsal
demo_image,demo_image.tif,right,CPu_R,339,5409.491071428572,2458.296875,2240,2418,5387,2495,5433,dorsal
demo_image,demo_image.tif,right,CPu_R,340,5965.080917874396,2438.4432367149757,828,2418,5947,2460,5984,dorsal
demo_image,demo_image.tif,right,CPu_R,341,5740.240145985402,2442.970072992701,1370,2419,5717,2469,5764,dorsal
demo_image,demo_image.tif,right,CPu_R,342,4816.5641807294505,2503.9724550898204,9185,2420,4776,2582,4861,dorsal
demo_image,demo_image.tif,right,CPu_R,344,5549.058266569556,2451.970866715222,1373,2425,5525,2482,5574,dorsal
demo_image,demo_image.tif,right,CPu_R,345,5870.456971153846,2483.5564903846152,4160,2425,5838,2531,5906,dorsal
demo_image,demo_image.tif,right,CPu_R,348,5436.203599550056,2449.5905511811025,889,2426,5418,2473,5456,dorsal
demo_image,demo_image.tif,right,CPu_R,349,5906.281348788199,2455.472075869336,949,2428,5894,2487,5919,dorsal
demo_image,demo_image.tif,right,CPu_R,352,5795.408717105263,2460.3050986842104,1216,2430,5769,2490,5823,dorsal
demo_image,demo_image.tif,right,CPu_R,354,5707.626206896552,2449.0703448275863,725,2431,5689,2468,5728,dorsal
demo_image,demo_image.tif,right,CPu_R,356,6085.552228875582,2463.2089155023286,1503,2434,6066,2492,6104,dorsal
demo_image,demo_image.tif,right,CPu_R,357,6030.402489626556,2454.5421853388657,723,2435,6016,2477,6046,dorsal
demo_image,demo_image.tif,right,CPu_R,358,5469.318080357143,2459.9933035714284,896,2438,5453,2483,5484,dorsal
demo_image,demo_image.tif,right,CPu_R,361,5824.993015133877,2468.151338766007,859,2444,5810,2491,5841,dorsal
demo_image,demo_image.tif,right,CPu_R,363,5025.931818181818,2467.5426136363635,1056,2446,5012,2492,5040,dorsal
demo_image,demo_image.tif,right,CPu_R,365,5771.182981445937,2480.2092130518236,1563,2447,5750,2512,5789,dorsal
demo_image,demo_image.tif,right,CPu_R,366,5998.622539035981,2472.5655125594026,1473,2447,5975,2499,6021,dorsal
demo_image,demo_image.tif,right,CPu_R,367,6145.121145374449,2460.9471365638765,454,2447,6133,2477,6157,dorsal
demo_image,demo_image.tif,right,CPu_R,371,4964.974732750243,2485.933916423712,2058,2457,4937,2516,4994,dorsal
demo_image,demo_image.tif,right,CPu_R,372,5463.008956796628,2492.4578503688094,1898,2459,5436,2525,5490,dorsal
demo_image,demo_image.tif,right,CPu_R,373,5718.451508620689,2482.060344827586,928,2459,5697,2509,5738,dorsal
demo_image,demo_image.tif,right,CPu_R,374,5517.017961383027,2497.028738212842,2227,2461,5488,2538,5545,dorsal
demo_image,demo_image.tif,right,CPu_R,375,6206.5197740113,2469.254237288136,177,2461,6201,2480,6213,dorsal
demo_image,demo_image.tif,right,CPu_R,377,5700.242964996568,2491.5024021962936,1457,2463,5674,2518,5730,dorsal
demo_image,demo_image.tif,right,CPu_R,378,6051.867088607595,2478.1919831223627,474,2463,6042,2496,6062,dorsal
demo_image,demo_image.tif,right,CPu_R,382,6076.422110552764,2502.952261306533,1592,2469,6056,2533,6098,dorsal
demo_image,demo_image.tif,right,CPu_R,384,5975.8419936373275,2489.977730646872,943,2470,5957,2513,5998,dorsal
demo_image,demo_image.tif,right,CPu_R,386,5383.064375,2517.1316666666667,4800,2474,5345,2560,5420,dorsal
demo_image,demo_image.tif,right,CPu_R,387,5655.9535201640465,2506.8557758031443,1463,2474,5634,2539,5681,dorsal
demo_image,demo_image.tif,right,CPu_R,388,5767.776679841897,2518.9237154150196,2530,2475,5732,2560,5802,dorsal
demo_image,demo_image.tif,right,CPu_R,389,6220.593523171413,2501.7716359575656,1791,2475,6198,2532,6240,dorsal
demo_image,demo_image.tif,right,CPu_R,392,5921.952306894764,2518.232763089684,1929,2480,5904,2562,5944,dorsal
demo_image,demo_image.tif,right,CPu_R,395,5084.26386773983,2529.803132477703,4597,2488,5049,2574,5119,dorsal
demo_image,demo_image.tif,right,CPu_R,397,4653.969953325554,2556.447782963827,3428,2489,4632,2632,4673,dorsal
demo_image,demo_image.tif,right,CPu_R,398,5002.791619902731,2526.053497942387,2673,2490,4980,2567,5031,dorsal
demo_image,demo_image.tif,right,CPu_R,399,5033.377325066431,2519.03808680248,1129,2490,5007,2549,5051,dorsal
demo_image,demo_image.tif,right,CPu_R,402,5202.279245283019,2529.3006289308178,2385,2497,5176,2564,5229,dorsal
demo_image,demo_image.tif,right,CPu_R,404,6013.769288956127,2518.88880484115,1322,2498,5989,2544,6035,dorsal
demo_image,demo_image.tif,right,CPu_R,405,5693.851063829788,2521.6876208897484,1034,2500,5674,2545,5715,dorsal
demo_image,demo_image.tif,right,CPu_R,406,6330.81917211329,2514.8453159041396,459,2501,6320,2529,6343,dorsal
demo_image,demo_image.tif,right,CPu_R,410,5320.351114358787,2536.3960540738035,2737,2505,5294,2568,5354,dorsal
demo_image,demo_image.tif,right,CPu_R,411,5633.757801583605,2541.1136469492317,2147,2506,5603,2577,5667,dorsal
demo_image,demo_image.tif,right,CPu_R,412,5979.908227848101,2530.8755274261603,948,2513,5962,2561,5997,dorsal
demo_image,demo_image.tif,right,CPu_R,414,6113.767711962834,2532.788617886179,861,2514,6098,2553,6130,dorsal
demo_image,demo_image.tif,right,CPu_R,415,6352.967984934086,2533.271186440678,531,2515,6339,2553,6366,dorsal
demo_image,demo_image.tif,right,CPu_R,416,5135.103427540589,2539.152134696332,1663,2517,5113,2561,5160,dorsal
demo_image,demo_image.tif,right,CPu_R,418,5959.177494199536,2538.11252900232,862,2519,5939,2566,5982,dorsal
demo_image,demo_image.tif,right,CPu_R,419,5579.404833836858,2555.144679422625,2979,2520,5548,2590,5612,dorsal
demo_image,demo_image.tif,right,CPu_R,420,5746.465183353935,2551.447466007417,2427,2520,5716,2587,5777,dorsal
demo_image,demo_image.tif,right,CPu_R,421,6304.204697986577,2540.6610738255035,596,2520,6289,2559,6318,dorsal
demo_image,demo_image.tif,right,CPu_R,422,4875.870761670762,2552.283538083538,2035,2521,4856,2582,4900,dorsal
demo_image,demo_image.tif,right,CPu_R,423,5261.1687192118225,2569.323891625616,4872,2521,5224,2622,5300,dorsal
demo_image,demo_image.tif,right,CPu_R,424,6072.045045045045,2540.157157157157,999,2521,6049,2561,6096,dorsal
demo_image,demo_image.tif,right,CPu_R,426,6326.480492813142,2537.7802874743325,487,2523,6316,2552,6339,dorsal
demo_image,demo_image.tif,right,CPu_R,428,6186.06006006006,2539.602102102102,666,2525,6173,2559,6199,dorsal
demo_image,demo_image.tif,right,CPu_R,429,6215.89489194499,2546.6178781925346,1018,2527,6201,2568,6233,dorsal
demo_image,demo_image.tif,right,CPu_R,432,5471.057829759584,2560.2007797270953,1539,2533,5449,2590,5492,dorsal
demo_image,demo_image.tif,right,CPu_R,435,5718.894171779141,2554.3895705521472,652,2536,5703,2573,5735,dorsal
demo_image,demo_image.tif,right,CPu_R,436,6006.750602409638,2555.7831325301204,830,2536,5991,2578,6023,dorsal
demo_image,demo_image.tif,right,CPu_R,438,5920.880088823094,2561.626943005181,1351,2540,5889,2584,5950,dorsal
demo_image,demo_image.tif,right,CPu_R,440,5034.402419984387,2571.9508196721313,2562,2544,5000,2603,5076,dorsal
demo_image,demo_image.tif,right,CPu_R,442,5887.43248610008,2580.3899920571885,2518,2545,5864,2620,5916,dorsal
demo_image,demo_image.tif,right,CPu_R,447,6095.9819494584835,2559.8050541516245,277,2550,6084,2569,6108,dorsal
demo_image,demo_image.tif,right,CPu_R,449,6159.989939637827,2563.82494969819,497,2551,6148,2578,6172,dorsal
demo_image,demo_image.tif,right,CPu_R,450,6121.9676425269645,2572.915254237288,649,2552,6106,2597,6136,dorsal
demo_image,demo_image.tif,right,CPu_R,452,4960.278563015312,2579.4681978798585,1698,2555,4937,2603,4984,dorsal
demo_image,demo_image.tif,right,CPu_R,453,5443.887425149701,2573.783233532934,835,2557,5421,2592,5469,dorsal
demo_image,demo_image.tif,right,CPu_R,455,5312.074313408723,2579.5129240710826,1238,2560,5293,2598,5336,dorsal
demo_image,demo_image.tif,right,CPu_R,456,5540.723315669947,2598.282740348221,2642,2561,5517,2639,5565,dorsal
demo_image,demo_image.tif,right,CPu_R,457,6188.121768140117,2587.155129274395,1199,2564,6170,2613,6205,dorsal
demo_image,demo_image.tif,right,CPu_R,458,6043.768115942029,2582.6434782608694,690,2566,6027,2603,6060,dorsal
demo_image,demo_image.tif,right,CPu_R,460,5405.772652388798,2591.497528830313,1821,2567,5378,2619,5431,dorsal
demo_image,demo_image.tif,right,CPu_R,461,5687.323977546111,2591.5260625501205,1247,2567,5665,2619,5712,dorsal
demo_image,demo_image.tif,right,CPu_R,462,5775.89216201999,2598.056812204103,1901,2567,5745,2622,5804,dorsal
demo_image,demo_image.tif,right,CPu_R,463,5718.985267034991,2592.459177409454,1629,2568,5693,2622,5745,dorsal
demo_image,demo_image.tif,right,CPu_R,464,5226.201104972376,2604.5403314917125,2715,2569,5199,2639,5261,dorsal
demo_image,demo_image.tif,right,CPu_R,465,6271.104121475054,2578.941431670282,461,2570,6255,2588,6289,dorsal
demo_image,demo_image.tif,right,CPu_R,466,5115.7653146853145,2612.518881118881,3575,2571,5087,2661,5143,dorsal
demo_image,demo_image.tif,right,CPu_R,467,5972.358407079646,2589.732743362832,1130,2571,5948,2611,5997,dorsal
demo_image,demo_image.tif,right,CPu_R,468,6022.801822323462,2592.8883826879273,878,2571,6008,2614,6037,dorsal
demo_image,demo_image.tif,right,CPu_R,469,6143.91798941799,2591.136243386243,756,2571,6131,2612,6156,dorsal
demo_image,demo_image.tif,right,CPu_R,471,5843.8884892086335,2607.9012789768185,2502,2573,5816,2641,5876,dorsal
demo_image,demo_image.tif,right,CPu_R,472,6164.913368983957,2598.7304812834223,935,2573,6152,2623,6179,dorsal
demo_image,demo_image.tif,right,CPu_R,474,5057.976973684211,2611.4548872180453,2128,2578,5035,2643,5078,dorsal
demo_image,demo_image.tif,right,CPu_R,475,6005.457831325301,2587.8072289156626,166,2578,6000,2599,6011,dorsal
demo_image,demo_image.tif,right,CPu_R,476,5392.549144254279,2617.18630806846,2045,2579,5353,2654,5428,dorsal
demo_image,demo_image.tif,right,CPu_R,479,4785.333810888252,2623.9355300859597,2094,2584,4763,2682,4809,dorsal
demo_image,demo_image.tif,right,CPu_R,480,4958.464703334777,2617.993936769164,2309,2584,4930,2645,4990,dorsal
demo_image,demo_image.tif,right,CPu_R,481,5928.0884065643195,2612.635256749603,1889,2587,5902,2639,5955,dorsal
demo_image,demo_image.tif,right,CPu_R,483,6286.937106918239,2598.3396226415093,477,2590,6270,2608,6305,dorsal
demo_image,demo_image.tif,right,CPu_R,486,5591.812484456603,2636.7319074857,4021,2592,5557,2678,5633,dorsal
demo_image,demo_image.tif,right,CPu_R,487,5348.137385512074,2608.676103247294,1201,2594,5322,2626,5374,dorsal
demo_image,demo_image.tif,right,CPu_R,488,5633.317665491579,2631.491970231101,2553,2594,5606,2681,5657,dorsal
demo_image,demo_image.tif,right,CPu_R,489,5162.0654038599,2633.384203002144,2798,2597,5134,2667,5195,dorsal
demo_image,demo_image.tif,right,CPu_R,490,6352.508838383838,2613.6035353535353,792,2597,6338,2632,6368,dorsal
demo_image,demo_image.tif,right,CPu_R,494,4824.578454332553,2648.7671090294043,3843,2601,4801,2706,4849,dorsal
demo_image,demo_image.tif,right,CPu_R,495,5988.730462519936,2619.245614035088,627,2601,5963,2639,6008,dorsal
demo_image,demo_image.tif,right,CPu_R,496,6329.952522255193,2619.2284866468844,674,2602,6317,2638,6343,dorsal
demo_image,demo_image.tif,right,CPu_R,497,6134.218670076726,2624.2659846547313,782,2603,6123,2648,6148,dorsal
demo_image,demo_image.tif,right,CPu_R,499,5979.140905823148,2635.5025161754133,1391,2607,5955,2664,6004,dorsal
demo_image,demo_image.tif,right,CPu_R,500,6045.2616571620265,2644.7111707480713,2981,2608,6017,2682,6073,dorsal
demo_image,demo_image.tif,right,CPu_R,503,4770.1876114082,2651.8208556149734,2244,2616,4740,2700,4809,dorsal
demo_image,demo_image.tif,right,CPu_R,504,6392.2867435158505,2632.906340057637,694,2617,6378,2649,6407,dorsal
demo_image,demo_image.tif,right,CPu_R,506,5376.706030784759,2659.2003532677263,3963,2619,5341,2700,5412,dorsal
demo_image,demo_image.tif,right,CPu_R,508,5497.91658084449,2642.4088568486095,971,2621,5477,2666,5519,dorsal
demo_image,demo_image.tif,right,CPu_R,509,5784.233416770964,2643.9286608260327,1598,2621,5758,2673,5806,dorsal
demo_image,demo_image.tif,right,CPu_R,513,5683.483999204929,2678.823494335122,5031,2628,5646,2727,5722,dorsal
demo_image,demo_image.tif,right,CPu_R,516,5960.973962571196,2651.672091131001,1229,2630,5938,2671,5989,dorsal
demo_image,demo_image.tif,right,CPu_R,520,5099.78527607362,2664.3532719836403,1956,2637,5074,2693,5129,dorsal
demo_image,demo_image.tif,right,CPu_R,522,5442.777495769881,2657.667512690355,1182,2638,5422,2678,5463,dorsal
demo_image,demo_image.tif,right,CPu_R,523,5837.592641261498,2683.1421375383266,4566,2640,5804,2733,5872,dorsal
demo_image,demo_image.tif,right,CPu_R,526,6212.082857142857,2650.76,350,2641,6202,2662,6224,dorsal
demo_image,demo_image.tif,right,CPu_R,527,6298.316438356164,2655.8712328767124,730,2642,6282,2671,6316,dorsal
demo_image,demo_image.tif,right,CPu_R,530,4729.215447154472,2675.993224932249,1476,2646,4712,2701,4748,dorsal
demo_image,demo_image.tif,right,CPu_R,532,5331.272845387613,2678.995236032915,2309,2647,5308,2712,5355,dorsal
demo_image,demo_image.tif,right,CPu_R,533,5933.854368932039,2665.393203883495,824,2647,5917,2685,5952,dorsal
demo_image,demo_image.tif,right,CPu_R,534,6177.379613356767,2665.152899824253,569,2647,6162,2685,6194,dorsal
demo_image,demo_image.tif,right,CPu_R,535,5234.606121762529,2682.003699966364,2973,2649,5209,2719,5274,dorsal
demo_image,demo_image.tif,right,CPu_R,538,6022.043969849246,2671.5201005025124,796,2652,6006,2692,6039,dorsal
demo_image,demo_image.tif,right,CPu_R,542,5766.1890625,2685.80078125,1280,2662,5745,2712,5786,dorsal
demo_image,demo_image.tif,right,CPu_R,543,4940.020597179983,2720.6744539673764,7234,2663,4900,2777,4986,dorsal
demo_image,demo_image.tif,right,CPu_R,544,6207.391739674593,2682.9862327909887,799,2664,6194,2704,6222,dorsal
demo_image,demo_image.tif,right,CPu_R,545,4768.680808080808,2687.1952861952864,1485,2665,4746,2709,4796,dorsal
demo_image,demo_image.tif,right,CPu_R,546,6006.815573770492,2680.2889344262294,488,2665,5995,2696,6021,dorsal
demo_image,demo_image.tif,right,CPu_R,548,5976.714642262895,2683.0474209650583,1202,2666,5950,2701,6003,dorsal
demo_image,demo_image.tif,right,CPu_R,549,5442.7025825571545,2711.3223962743436,4724,2669,5402,2755,5480,dorsal
demo_image,demo_image.tif,right,CPu_R,550,6294.3575418994415,2674.9664804469276,179,2669,6286,2683,6302,dorsal
demo_image,demo_image.tif,right,CPu_R,552,4868.597050254916,2722.614348142753,5492,2670,4829,2773,4907,dorsal
demo_image,demo_image.tif,right,CPu_R,553,5608.47181008902,2691.5568743818003,1011,2671,5592,2714,5623,dorsal
demo_image,demo_image.tif,right,CPu_R,554,5793.122105263158,2696.0821052631577,950,2672,5779,2722,5806,dorsal
demo_image,demo_image.tif,right,CPu_R,555,6400.211505922166,2702.070219966159,1182,2672,6384,2725,6422,dorsal
demo_image,demo_image.tif,right,CPu_R,558,5910.329966329967,2693.1531986531986,594,2676,5893,2714,5925,dorsal
demo_image,demo_image.tif,right,CPu_R,560,6045.634146341464,2685.773519163763,287,2677,6036,2697,6056,dorsal
demo_image,demo_image.tif,right,CPu_R,561,5133.816385343763,2710.507204610951,2429,2679,5104,2747,5169,dorsal
demo_image,demo_image.tif,right,CPu_R,562,5888.2367816091955,2698.458620689655,870,2679,5871,2722,5903,dorsal
demo_image,demo_image.tif,right,CPu_R,563,6315.218717139853,2700.700315457413,951,2680,6301,2724,6330,dorsal
demo_image,demo_image.tif,right,CPu_R,566,6070.995970991136,2705.218372280419,1241,2681,6051,2730,6095,dorsal
demo_image,demo_image.tif,right,CPu_R,567,6090.81443298969,2699.261855670103,485,2682,6081,2719,6101,dorsal
demo_image,demo_image.tif,right,CPu_R,568,5547.9771929824565,2709.8245614035086,1140,2684,5531,2740,5566,dorsal
demo_image,demo_image.tif,right,CPu_R,570,6170.07556675063,2700.712846347607,397,2686,6163,2716,6179,dorsal
demo_image,demo_image.tif,right,CPu_R,572,6034.755070993915,2716.3286004056795,1972,2690,6011,2745,6059,dorsal
demo_image,demo_image.tif,right,CPu_R,574,5820.486466715435,2729.889539136796,1367,2691,5802,2757,5844,dorsal
demo_image,demo_image.tif,right,CPu_R,577,4735.74550241334,2724.606845107503,2279,2695,4710,2758,4761,dorsal
demo_image,demo_image.tif,right,CPu_R,578,4821.490096729618,2730.016121602948,2171,2696,4798,2766,4845,dorsal
demo_image,demo_image.tif,right,CPu_R,579,5094.329485329486,2727.000962000962,2079,2696,5069,2763,5122,dorsal
demo_image,demo_image.tif,right,CPu_R,580,6214.393700787402,2709.475065616798,381,2698,6203,2721,6226,dorsal
demo_image,demo_image.tif,right,CPu_R,581,5516.242344883159,2744.7566478646254,4964,2701,5480,2788,5557,dorsal
demo_image,demo_image.tif,right,CPu_R,584,5589.237215033888,2747.391866913124,3246,2705,5556,2781,5624,dorsal
demo_image,demo_image.tif,right,CPu_R,585,5773.486618004867,2730.4679643146796,1233,2707,5751,2757,5797,dorsal
demo_image,demo_image.tif,right,CPu_R,586,6298.041533546326,2725.591054313099,626,2707,6285,2744,6315,dorsal
demo_image,demo_image.tif,right,CPu_R,588,5979.293207800942,2736.651647612643,1487,2711,5957,2767,6002,dorsal
demo_image,demo_image.tif,right,CPu_R,589,5007.442006269593,2728.3119122257053,638,2712,4997,2747,5021,dorsal
demo_image,demo_image.tif,right,CPu_R,591,5040.8283847981,2741.8545130641332,1684,2714,5018,2771,5064,dorsal
demo_image,demo_image.tif,right,CPu_R,592,5935.832305795315,2738.9765721331687,1622,2714,5913,2765,5960,dorsal
demo_image,demo_image.tif,right,CPu_R,594,5748.4039030159665,2743.646954464814,1691,2717,5725,2774,5775,dorsal
demo_image,demo_image.tif,right,CPu_R,597,5167.237885462555,2747.4605971610376,2043,2723,5137,2776,5196,dorsal
demo_image,demo_image.tif,right,CPu_R,598,5862.921586715867,2745.0258302583024,1084,2723,5849,2769,5879,dorsal
demo_image,demo_image.tif,right,CPu_R,600,5404.946695095949,2749.8805970149256,938,2724,5391,2780,5419,dorsal
demo_image,demo_image.tif,right,CPu_R,601,6359.451371571073,2735.214463840399,401,2724,6348,2746,6371,dorsal
demo_image,demo_image.tif,right,CPu_R,603,5426.418024928092,2760.1610738255035,1043,2729,5413,2785,5443,dorsal
demo_image,demo_image.tif,right,CPu_R,604,5680.022490628905,2758.7642648896294,2401,2730,5654,2789,5708,dorsal
demo_image,demo_image.tif,right,CPu_R,605,6103.198630136986,2755.4383561643835,730,2731,6094,2789,6113,dorsal
demo_image,demo_image.tif,right,CPu_R,607,5353.07381370826,2753.079086115993,569,2734,5338,2779,5363,dorsal
demo_image,demo_image.tif,right,CPu_R,611,6022.936946902655,2757.6493362831857,904,2736,6009,2778,6039,dorsal
demo_image,demo_image.tif,right,CPu_R,613,6072.792667509481,2764.248419721871,1582,2737,6054,2793,6093,dorsal
demo_image,demo_image.tif,right,CPu_R,615,5335.191099476439,2769.5719895287957,1528,2738,5320,2798,5355,dorsal
demo_image,demo_image.tif,right,CPu_R,616,6172.045192307693,2759.714423076923,1040,2738,6159,2783,6186,dorsal
demo_image,demo_image.tif,right,CPu_R,617,6298.760956175299,2748.9043824701193,502,2738,6284,2763,6313,dorsal
demo_image,demo_image.tif,right,CPu_R,618,4811.724258289703,2776.119371727749,2865,2739,4782,2815,4843,dorsal
demo_image,demo_image.tif,right,CPu_R,619,6121.137971698113,2759.619103773585,848,2739,6109,2783,6136,dorsal
demo_image,demo_image.tif,right,CPu_R,620,5802.361305361305,2760.27972027972,858,2740,5786,2782,5817,dorsal
demo_image,demo_image.tif,right,CPu_R,621,5248.877869605142,2759.8512396694214,1089,2741,5226,2780,5273,dorsal
demo_image,demo_image.tif,right,CPu_R,623,6323.098605577689,2766.81374501992,1004,2742,6310,2791,6337,dorsal
demo_image,demo_image.tif,right,CPu_R,624,5096.624677336086,2772.257098606092,1937,2743,5073,2801,5121,dorsal
demo_image,demo_image.tif,right,CPu_R,626,5375.113309352518,2768.69154676259,1112,2744,5362,2793,5391,dorsal
demo_image,demo_image.tif,right,CPu_R,627,5202.257218844985,2785.1728723404253,2632,2748,5174,2821,5228,dorsal
demo_image,demo_image.tif,right,CPu_R,629,5454.880469583778,2766.4493062966917,937,2749,5439,2789,5471,dorsal
demo_image,demo_image.tif,right,CPu_R,630,6218.896030245746,2763.86011342155,529,2750,6204,2778,6234,dorsal
demo_image,demo_image.tif,right,CPu_R,631,5157.38923737207,2799.336084516342,3029,2757,5131,2837,5186,dorsal
demo_image,demo_image.tif,right,CPu_R,633,4736.660458452722,2782.7965616045844,1396,2759,4711,2808,4763,dorsal
demo_image,demo_image.tif,right,CPu_R,635,6007.728,2787.8995555555557,1125,2760,5991,2813,6025,dorsal
demo_image,demo_image.tif,right,CPu_R,636,5783.567843137255,2801.1660130718956,3825,2763,5749,2841,5818,dorsal
demo_image,demo_image.tif,right,CPu_R,637,5950.667166416792,2780.0524737631185,667,2763,5939,2799,5963,dorsal
demo_image,demo_image.tif,right,CPu_R,638,5489.552925989673,2795.9251290877796,2324,2764,5461,2826,5525,dorsal
demo_image,demo_image.tif,right,CPu_R,640,5856.875084402431,2788.216745442269,1481,2766,5833,2812,5884,dorsal
demo_image,demo_image.tif,right,CPu_R,642,4887.14932048856,2807.855668329606,5813,2768,4843,2848,4942,dorsal
demo_image,demo_image.tif,right,CPu_R,643,5885.0,2788.1967005076144,788,2769,5870,2807,5902,dorsal
demo_image,demo_image.tif,right,CPu_R,644,5730.033414043583,2803.553510895884,2065,2775,5706,2831,5762,dorsal
demo_image,demo_image.tif,right,CPu_R,646,5580.022589052997,2805.9387489139876,2302,2777,5552,2837,5606,dorsal
demo_image,demo_image.tif,right,CPu_R,647,5663.381974248927,2798.8995708154507,1165,2778,5640,2819,5689,dorsal
demo_image,demo_image.tif,right,CPu_R,649,6041.490364025696,2814.5060670949324,1401,2779,6026,2851,6056,dorsal
demo_image,demo_image.tif,right,CPu_R,654,6156.017478152309,2805.885143570537,801,2784,6143,2832,6168,dorsal
demo_image,demo_image.tif,right,CPu_R,656,6248.737953795379,2810.8171617161715,1515,2786,6232,2838,6268,dorsal
demo_image,demo_image.tif,right,CPu_R,657,4705.445463049579,2833.153227315248,5345,2787,4668,2883,4741,dorsal
demo_image,demo_image.tif,right,CPu_R,658,5362.664364640884,2819.529005524862,2172,2787,5340,2855,5385,dorsal
demo_image,demo_image.tif,right,CPu_R,662,5066.158672126353,2841.9349224919565,6838,2791,5015,2895,5126,dorsal
demo_image,demo_image.tif,right,CPu_R,663,5303.195203197868,2818.294470353098,1501,2794,5286,2843,5322,dorsal
demo_image,demo_image.tif,right,CPu_R,664,5390.686823104693,2821.2536101083033,1108,2794,5378,2857,5406,dorsal
demo_image,demo_image.tif,right,CPu_R,665,5928.1482843137255,2814.4607843137255,816,2797,5913,2837,5944,dorsal
demo_image,demo_image.tif,right,CPu_R,666,6145.446831364125,2825.807733619764,931,2800,6129,2851,6166,dorsal
demo_image,demo_image.tif,right,CPu_R,668,4948.958595859586,2823.3996399639964,1111,2802,4932,2846,4966,dorsal
demo_image,demo_image.tif,right,CPu_R,670,5125.42362294151,2836.0011357183416,1761,2806,5102,2867,5150,dorsal
demo_image,demo_image.tif,right,CPu_R,671,5902.631319358817,2822.313193588163,811,2806,5882,2841,5923,dorsal
demo_image,demo_image.tif,right,CPu_R,675,5945.190243902439,2835.0634146341463,820,2808,5928,2857,5957,dorsal
demo_image,demo_image.tif,right,CPu_R,678,5476.218608852755,2835.252935862692,1107,2813,5454,2863,5495,dorsal
demo_image,demo_image.tif,right,CPu_R,680,5677.048691099477,2840.03612565445,1910,2815,5650,2869,5706,dorsal
demo_image,demo_image.tif,right,CPu_R,682,5449.433830845771,2838.409950248756,1005,2816,5432,2862,5470,dorsal
demo_image,demo_image.tif,right,CPu_R,683,5513.265268065268,2847.200466200466,2145,2816,5492,2878,5535,dorsal
demo_image,demo_image.tif,right,CPu_R,686,5888.408106219427,2847.3899371069183,1431,2818,5870,2882,5906,dorsal
demo_image,demo_image.tif,right,CPu_R,687,6431.222988505747,2848.1662835249044,1305,2818,6419,2882,6444,dorsal
demo_image,demo_image.tif,right,CPu_R,688,6347.103117505995,2831.606714628297,417,2820,6334,2845,6360,dorsal
demo_image,demo_image.tif,right,CPu_R,692,5547.7546583850935,2849.2608695652175,966,2827,5532,2867,5573,dorsal
demo_image,demo_image.tif,right,CPu_R,694,5815.580307001123,2866.3126169973793,2671,2830,5786,2904,5844,dorsal
demo_image,demo_image.tif,right,CPu_R,696,6028.862385321101,2860.798165137615,1635,2831,6011,2893,6049,dorsal
demo_image,demo_image.tif,right,CPu_R,697,6196.566292134831,2843.2179775280897,445,2831,6185,2857,6209,dorsal
demo_image,demo_image.tif,right,CPu_R,698,6259.057591623036,2840.667539267016,382,2832,6243,2849,6274,dorsal
demo_image,demo_image.tif,right,CPu_R,699,6356.622222222222,2857.624338624338,945,2834,6343,2883,6370,dorsal
demo_image,demo_image.tif,right,CPu_R,700,5967.130434782609,2859.386956521739,690,2835,5956,2883,5983,dorsal
demo_image,demo_image.tif,right,CPu_R,701,5179.864330972791,2869.05218039508,2683,2836,5149,2903,5216,dorsal
demo_image,demo_image.tif,right,CPu_R,702,5774.745610085547,2868.3439891940566,2221,2836,5747,2908,5804,dorsal
demo_image,demo_image.tif,right,CPu_R,703,6155.759941089838,2876.133284241532,1358,2837,6133,2914,6178,dorsal
demo_image,demo_image.tif,right,CPu_R,705,6309.022940563086,2863.9040667361837,959,2839,6296,2889,6323,dorsal
demo_image,demo_image.tif,right,CPu_R,706,5003.905890804598,2874.328304597701,2784,2840,4976,2911,5032,dorsal
demo_image,demo_image.tif,right,CPu_R,707,6169.025167785235,2855.211409395973,596,2840,6155,2871,6182,dorsal
demo_image,demo_image.tif,right,CPu_R,708,5999.3046558704455,2863.6265182186235,988,2841,5986,2886,6013,dorsal
demo_image,demo_image.tif,right,CPu_R,709,5877.516295025729,2868.3584905660377,583,2844,5866,2890,5892,dorsal
demo_image,demo_image.tif,right,CPu_R,711,5214.607329842932,2862.930890052356,955,2845,5198,2886,5231,dorsal
demo_image,demo_image.tif,right,CPu_R,712,5925.177374301676,2860.4329608938547,716,2846,5904,2878,5946,dorsal
demo_image,demo_image.tif,right,CPu_R,716,6336.493293591654,2867.2727272727275,671,2850,6321,2887,6354,dorsal
demo_image,demo_image.tif,right,CPu_R,722,4921.530224525043,2884.0975820379967,3474,2856,4884,2914,4958,dorsal
demo_image,demo_image.tif,right,CPu_R,724,5312.036363636364,2882.2198863636363,1760,2858,5275,2909,5341,dorsal
demo_image,demo_image.tif,right,CPu_R,725,5486.145522388059,2870.9216417910447,268,2861,5477,2882,5496,dorsal
demo_image,demo_image.tif,right,CPu_R,726,6238.0623885918,2877.1907308377895,561,2862,6228,2894,6250,dorsal
demo_image,demo_image.tif,right,CPu_R,728,5281.433179723503,2882.548387096774,651,2863,5267,2899,5298,dorsal
demo_image,demo_image.tif,right,CPu_R,729,6060.291139240507,2877.2579113924053,632,2863,6045,2893,6075,dorsal
demo_image,demo_image.tif,right,CPu_R,730,5765.020280811233,2896.0624024961,1282,2867,5742,2920,5794,dorsal
demo_image,demo_image.tif,right,CPu_R,731,4642.342134519177,2919.100055586437,3598,2869,4605,2980,4687,dorsal
demo_image,demo_image.tif,right,CPu_R,732,6380.530791788857,2894.948191593353,1023,2869,6363,2932,6398,dorsal
demo_image,demo_image.tif,right,CPu_R,733,5408.6549848942595,2893.342598187311,1655,2870,5383,2917,5437,dorsal
demo_image,demo_image.tif,right,CPu_R,734,5372.713521772345,2895.8265851795263,1309,2871,5354,2922,5392,dorsal
demo_image,demo_image.tif,right,CPu_R,735,5432.619422572178,2886.551181102362,381,2874,5420,2903,5444,dorsal
demo_image,demo_image.tif,right,CPu_R,736,5978.263494318182,2904.828125,1408,2875,5955,2942,5997,dorsal
demo_image,demo_image.tif,right,CPu_R,737,4789.29382183908,2910.012931034483,2784,2876,4764,2945,4818,dorsal
demo_image,demo_image.tif,right,CPu_R,738,4849.061630602782,2924.6108964451314,5176,2877,4815,2979,4890,dorsal
demo_image,demo_image.tif,right,CPu_R,741,6102.1648745519715,2898.7455197132617,558,2882,6091,2917,6114,dorsal
demo_image,demo_image.tif,right,CPu_R,744,5354.445333333333,2903.16,375,2889,5345,2919,5364,dorsal
demo_image,demo_image.tif,right,CPu_R,745,4730.879003558719,2909.690391459075,843,2890,4718,2931,4744,dorsal
demo_image,demo_image.tif,right,CPu_R,746,6370.988977955912,2920.00501002004,998,2891,6358,2944,6386,dorsal
demo_image,demo_image.tif,right,CPu_R,748,4973.899616858237,2914.3003831417623,1305,2892,4956,2938,4992,dorsal
demo_image,demo_image.tif,right,CPu_R,749,5578.695422535211,2904.2535211267605,568,2892,5560,2917,5597,dorsal
demo_image,demo_image.tif,right,CPu_R,750,5721.591933570581,2927.5130486358244,1686,2892,5707,2965,5740,dorsal
demo_image,demo_image.tif,right,CPu_R,752,5884.3839915373765,2935.719322990127,2836,2893,5864,2978,5905,dorsal
demo_image,demo_image.tif,right,CPu_R,753,5917.3461692739675,2936.6855194544723,2493,2893,5898,2977,5939,dorsal
demo_image,demo_image.tif,right,CPu_R,758,5292.931947069943,2907.7542533081287,529,2896,5278,2919,5309,dorsal
demo_image,demo_image.tif,right,CPu_R,761,5501.778359511344,2910.8586387434557,573,2901,5485,2922,5520,dorsal
demo_image,demo_image.tif,right,CPu_R,762,5557.472067039106,2910.22625698324,358,2901,5545,2919,5573,dorsal
demo_image,demo_image.tif,right,CPu_R,763,5625.97074010327,2941.359437751004,3486,2902,5594,2982,5656,dorsal
demo_image,demo_image.tif,right,CPu_R,764,6307.862411347518,2931.9297872340426,1410,2904,6291,2958,6325,dorsal
demo_image,demo_image.tif,right,CPu_R,766,6024.475357710652,2937.863804981452,1887,2906,6008,2982,6043,dorsal
demo_image,demo_image.tif,right,CPu_R,767,6254.8969387755105,2927.6755102040815,980,2906,6243,2955,6270,dorsal
demo_image,demo_image.tif,right,CPu_R,768,5107.689932885906,2942.0744966442953,2980,2907,5079,2980,5135,dorsal
demo_image,demo_image.tif,right,CPu_R,769,5947.736547085202,2932.837443946188,892,2908,5930,2952,5978,dorsal
demo_image,demo_image.tif,right,CPu_R,770,6130.433293978748,2930.813459268005,847,2912,6114,2950,6148,dorsal
demo_image,demo_image.tif,right,CPu_R,771,4930.095890410959,2927.2823439878234,1314,2913,4906,2946,4953,dorsal
demo_image,demo_image.tif,right,CPu_R,772,5171.692810457516,2924.150326797386,459,2913,5159,2936,5185,dorsal
demo_image,demo_image.tif,right,CPu_R,773,6227.328828828829,2933.7822822822823,666,2916,6212,2957,6238,dorsal
demo_image,demo_image.tif,right,CPu_R,775,5315.865957446808,2931.3148936170214,470,2920,5303,2942,5330,dorsal
demo_image,demo_image.tif,right,CPu_R,777,6164.4703425229745,2950.4227234753553,1197,2923,6149,2976,6182,dorsal
demo_image,demo_image.tif,right,CPu_R,783,4714.22004454343,2966.616035634744,2245,2932,4691,3003,4738,dorsal
demo_image,demo_image.tif,right,CPu_R,787,4907.0697012802275,2964.354907539118,2812,2936,4870,2988,4947,dorsal
demo_image,demo_image.tif,right,CPu_R,788,5179.260623229462,2945.611898016997,353,2936,5168,2958,5191,dorsal
demo_image,demo_image.tif,right,CPu_R,789,5241.095625241966,2966.9748354626404,2583,2937,5212,2999,5273,dorsal
demo_image,demo_image.tif,right,CPu_R,790,5414.371584699454,2952.9879781420764,915,2937,5398,2971,5433,dorsal
demo_image,demo_image.tif,right,CPu_R,791,5325.1899641577065,2956.0860215053763,837,2940,5304,2979,5343,dorsal
demo_image,demo_image.tif,right,CPu_R,792,5308.2216796875,2969.5751953125,1024,2942,5293,2992,5330,dorsal
demo_image,demo_image.tif,right,CPu_R,797,4968.936035701004,2979.2301970992935,2689,2946,4945,3016,4993,dorsal
demo_image,demo_image.tif,right,CPu_R,798,5683.307453416149,2969.9618456078083,2254,2946,5656,2999,5711,dorsal
demo_image,demo_image.tif,right,CPu_R,801,5974.383983572895,2974.7284394250514,1948,2948,5947,3006,6000,dorsal
demo_image,demo_image.tif,right,CPu_R,802,5072.896601244614,2976.141694590713,2089,2949,5047,3005,5100,dorsal
demo_image,demo_image.tif,right,CPu_R,803,4748.047256097561,2973.2263719512193,1312,2950,4732,3005,4764,dorsal
demo_image,demo_image.tif,right,CPu_R,805,5502.63,2964.542,500,2952,5491,2979,5516,dorsal
demo_image,demo_image.tif,right,CPu_R,806,5865.750942211055,3001.9268216080404,3184,2952,5838,3042,5897,dorsal
demo_image,demo_image.tif,right,CPu_R,807,5585.662235936387,2995.4096843104676,4213,2954,5546,3041,5622,dorsal
demo_image,demo_image.tif,right,CPu_R,808,5185.608720596672,2979.560527825588,1743,2956,5160,3003,5210,dorsal
demo_image,demo_image.tif,right,CPu_R,809,5787.175784392599,2990.336283185841,2486,2956,5763,3025,5815,dorsal
demo_image,demo_image.tif,right,CPu_R,810,5744.71762208068,2979.8248407643314,942,2957,5724,3002,5765,dorsal
demo_image,demo_image.tif,right,CPu_R,811,6013.353825136612,2993.570355191257,1464,2965,5997,3025,6031,dorsal
demo_image,demo_image.tif,right,CPu_R,812,5342.1,2977.196296296296,270,2966,5332,2988,5351,dorsal
demo_image,demo_image.tif,right,CPu_R,813,6040.905487804878,2977.423780487805,328,2966,6031,2990,6051,dorsal
demo_image,demo_image.tif,right,CPu_R,816,5397.507625272331,2979.108932461874,459,2970,5384,2990,5413,dorsal
demo_image,demo_image.tif,right,CPu_R,817,5819.189075630252,2987.247899159664,714,2971,5807,3006,5833,dorsal
demo_image,demo_image.tif,right,CPu_R,818,5473.363817097415,2988.1809145129223,503,2972,5464,3009,5483,dorsal
demo_image,demo_image.tif,right,CPu_R,819,5540.921357615894,2995.312913907285,1208,2972,5524,3020,5558,dorsal
demo_image,demo_image.tif,right,CPu_R,822,4687.25822902179,3004.4552619378765,2157,2974,4662,3038,4710,dorsal
demo_image,demo_image.tif,right,CPu_R,824,6239.716121495327,2998.876168224299,856,2978,6228,3020,6253,dorsal
demo_image,demo_image.tif,right,CPu_R,826,4897.193386773547,2996.6513026052103,998,2980,4878,3019,4918,dorsal
demo_image,demo_image.tif,right,CPu_R,827,5949.08203125,2997.85546875,512,2980,5939,3015,5959,dorsal
demo_image,demo_image.tif,right,CPu_R,828,6402.921768707483,3005.3015873015875,882,2981,6392,3028,6416,dorsal
demo_image,demo_image.tif,right,CPu_R,829,5662.065482796892,2999.9811320754716,901,2982,5645,3018,5682,dorsal
demo_image,demo_image.tif,right,CPu_R,831,5143.422018348624,3006.2079510703365,981,2986,5129,3029,5159,dorsal
demo_image,demo_image.tif,right,CPu_R,832,4928.216088328076,3008.7405362776026,1268,2987,4907,3029,4949,dorsal
demo_image,demo_image.tif,right,CPu_R,833,5907.1327063740855,3010.723092998955,957,2988,5890,3038,5925,dorsal
demo_image,demo_image.tif,right,CPu_R,834,5350.034825870647,3003.2802653399667,603,2990,5330,3018,5369,dorsal
demo_image,demo_image.tif,right,CPu_R,835,5422.553970826581,3023.9717990275526,3085,2990,5392,3059,5452,dorsal
demo_image,demo_image.tif,right,CPu_R,839,5273.662740899357,3011.4197002141327,934,2993,5252,3031,5294,dorsal
demo_image,demo_image.tif,right,CPu_R,841,5335.723768736617,3014.5631691648823,467,2997,5325,3032,5347,dorsal
demo_image,demo_image.tif,right,CPu_R,842,5465.790734824282,3014.4376996805113,626,2997,5454,3032,5479,dorsal
demo_image,demo_image.tif,right,CPu_R,844,6307.536206896551,3008.6672413793103,580,2998,6293,3022,6325,dorsal
demo_image,demo_image.tif,right,CPu_R,846,6281.351307189542,3014.746732026144,612,2999,6269,3031,6296,dorsal
demo_image,demo_image.tif,right,CPu_R,851,4752.15625,3081.70388986014,4576,3009,4717,3135,4781,dorsal
demo_image,demo_image.tif,right,CPu_R,856,6049.132701421801,3023.017377567141,633,3013,6032,3034,6067,dorsal
demo_image,demo_image.tif,right,CPu_R,858,5386.848360655737,3027.6065573770493,488,3015,5375,3042,5400,dorsal
demo_image,demo_image.tif,right,CPu_R,859,4867.2180493273545,3038.1446188340806,1784,3016,4843,3064,4893,dorsal
demo_image,demo_image.tif,right,CPu_R,860,5832.738924050633,3030.227848101266,632,3016,5817,3047,5849,dorsal
demo_image,demo_image.tif,right,CPu_R,861,6128.230222222222,3040.0293333333334,1125,3016,6112,3068,6145,dorsal
demo_image,demo_image.tif,right,CPu_R,862,5025.952495974235,3057.4661835748793,2484,3018,4999,3090,5062,dorsal
demo_image,demo_image.tif,right,CPu_R,863,6085.0214884696015,3054.8862683438156,1908,3018,6064,3089,6106,dorsal
demo_image,demo_image.tif,right,CPu_R,864,5759.6359918200405,3031.7770961145193,489,3019,5746,3046,5773,dorsal
demo_image,demo_image.tif,right,CPu_R,865,4907.259575721862,3066.256040070713,3394,3020,4871,3101,4941,dorsal
demo_image,demo_image.tif,right,CPu_R,867,5173.9086357947435,3066.880788485607,3196,3025,5149,3117,5198,dorsal
demo_image,demo_image.tif,right,CPu_R,868,5728.931718061674,3045.3623348017622,908,3025,5708,3066,5749,dorsal
demo_image,demo_image.tif,right,CPu_R,869,5929.475428571429,3044.016,875,3025,5913,3062,5947,dorsal
demo_image,demo_image.tif,right,CPu_R,870,6362.690036900369,3035.4649446494464,271,3025,6355,3048,6371,dorsal
demo_image,demo_image.tif,right,CPu_R,873,5747.794258373206,3040.0191387559807,209,3031,5739,3050,5758,dorsal
demo_image,demo_image.tif,right,CPu_R,874,6186.747064137308,3055.355916892502,1107,3032,6170,3085,6208,dorsal
demo_image,demo_image.tif,right,CPu_R,875,5089.509960159363,3051.762948207171,1004,3034,5072,3070,5108,dorsal
demo_image,demo_image.tif,right,CPu_R,876,5328.031880977684,3055.61211477152,941,3035,5313,3077,5344,dorsal
demo_image,demo_image.tif,right,CPu_R,877,5608.278846153846,3069.2139423076924,1248,3036,5581,3105,5635,dorsal
demo_image,demo_image.tif,right,CPu_R,878,6279.474801061008,3054.631299734748,754,3036,6267,3074,6294,dorsal
demo_image,demo_image.tif,right,CPu_R,879,5372.357373519914,3054.550053821313,929,3037,5357,3074,5393,dorsal
demo_image,demo_image.tif,right,CPu_R,880,6153.839313572543,3051.789391575663,641,3037,6140,3072,6172,dorsal
demo_image,demo_image.tif,right,CPu_R,881,6046.6469957081545,3056.8766094420603,932,3038,6033,3078,6066,dorsal
demo_image,demo_image.tif,right,CPu_R,884,5851.404268675456,3079.323289391086,1593,3043,5823,3116,5873,dorsal
demo_image,demo_image.tif,right,CPu_R,885,5804.983985765125,3069.2758007117436,1124,3045,5789,3098,5820,dorsal
demo_image,demo_image.tif,right,CPu_R,886,4815.737677527151,3066.294068504594,1197,3046,4787,3086,4840,dorsal
demo_image,demo_image.tif,right,CPu_R,887,6239.570723684211,3064.5674342105262,608,3046,6225,3081,6254,dorsal
demo_image,demo_image.tif,right,CPu_R,889,6200.486641221374,3078.336832061069,1048,3047,6186,3107,6212,dorsal
demo_image,demo_image.tif,right,CPu_R,890,5287.736928104575,3077.1971677559914,1836,3048,5267,3113,5309,dorsal
demo_image,demo_image.tif,right,CPu_R,893,4981.629376989541,3078.12505684402,2199,3050,4955,3109,5008,dorsal
demo_image,demo_image.tif,right,CPu_R,895,5229.219957537155,3087.408067940552,2355,3053,5207,3122,5253,dorsal
demo_image,demo_image.tif,right,CPu_R,900,5390.988059701493,3071.758208955224,335,3059,5379,3082,5402,dorsal
demo_image,demo_image.tif,right,CPu_R,901,5744.53488372093,3075.7441860465115,559,3061,5732,3094,5757,dorsal
demo_image,demo_image.tif,right,CPu_R,902,5786.161723163842,3105.4418549905836,4248,3063,5744,3146,5841,dorsal
demo_image,demo_image.tif,right,CPu_R,903,6160.242105263158,3082.276023391813,855,3063,6147,3104,6174,dorsal
demo_image,demo_image.tif,right,CPu_R,907,5084.614904246461,3108.2756036636138,2402,3070,5063,3143,5108,dorsal
demo_image,demo_image.tif,right,CPu_R,908,6359.624815361891,3084.2836041358937,677,3071,6340,3097,6379,dorsal
demo_image,demo_image.tif,right,CPu_R,910,5984.487562189055,3104.670931058991,1407,3073,5969,3136,6003,dorsal
demo_image,demo_image.tif,right,CPu_R,911,6326.140350877193,3084.0551378446116,399,3073,6314,3096,6338,dorsal
demo_image,demo_image.tif,right,CPu_R,912,4806.658514492754,3095.3876811594205,1104,3074,4789,3116,4830,dorsal
demo_image,demo_image.tif,right,CPu_R,913,6003.727064220184,3084.6811926605506,436,3074,5991,3100,6018,dorsal
demo_image,demo_image.tif,right,CPu_R,914,5053.853986551393,3099.0585975024014,1041,3075,5036,3121,5069,dorsal
demo_image,demo_image.tif,right,CPu_R,915,6069.145478374836,3091.08125819135,763,3075,6053,3108,6086,dorsal
demo_image,demo_image.tif,right,CPu_R,916,4878.385913116828,3120.606495149726,2371,3079,4856,3156,4904,dorsal
demo_image,demo_image.tif,right,CPu_R,917,6229.739745403112,3095.6152758132957,707,3079,6217,3115,6245,dorsal
demo_image,demo_image.tif,right,CPu_R,921,6309.54356846473,3089.2116182572613,241,3080,6300,3098,6319,dorsal
demo_image,demo_image.tif,right,CPu_R,923,5891.371962616822,3117.802803738318,2140,3083,5868,3152,5916,dorsal
demo_image,demo_image.tif,right,CPu_R,925,5663.212923076923,3109.0627692307694,1625,3085,5642,3135,5685,dorsal
demo_image,demo_image.tif,right,CPu_R,926,5539.659305993691,3107.53785488959,634,3086,5527,3123,5554,dorsal
demo_image,demo_image.tif,right,CPu_R,929,4958.805519053876,3102.3074901445466,761,3088,4942,3116,4980,dorsal
demo_image,demo_image.tif,right,CPu_R,930,5393.913223140496,3104.5144628099174,968,3088,5376,3122,5413,dorsal
demo_image,demo_image.tif,right,CPu_R,932,6252.394623655914,3113.558064516129,930,3095,6236,3131,6271,dorsal
demo_image,demo_image.tif,right,CPu_R,935,4841.407906976744,3127.1367441860466,2150,3099,4814,3159,4866,dorsal
demo_image,demo_image.tif,right,CPu_R,938,5585.342081031307,3127.1611418047883,2172,3102,5553,3149,5629,dorsal
demo_image,demo_image.tif,right,CPu_R,939,5009.008074534161,3126.968944099379,1610,3103,4981,3153,5034,dorsal
demo_image,demo_image.tif,right,CPu_R,941,6088.682696841112,3132.893446487506,2121,3107,6063,3159,6123,dorsal
demo_image,demo_image.tif,right,CPu_R,942,6190.402282453638,3128.179743223966,701,3108,6181,3151,6201,dorsal
demo_image,demo_image.tif,right,CPu_R,944,6144.523076923077,3120.607692307692,390,3110,6133,3133,6157,dorsal
demo_image,demo_image.tif,right,CPu_R,945,6371.039627039627,3140.8772338772337,1287,3111,6355,3175,6387,dorsal
demo_image,demo_image.tif,right,CPu_R,951,4741.963734290844,3183.9199281867145,8355,3118,4689,3257,4800,dorsal
demo_image,demo_image.tif,right,CPu_R,952,5546.185474189676,3150.7899159663866,1666,3120,5523,3186,5569,dorsal
demo_image,demo_image.tif,right,CPu_R,955,6128.989361702128,3137.4113475177305,564,3125,6112,3149,6148,dorsal
demo_image,demo_image.tif,right,CPu_R,956,5289.122881355932,3142.9173728813557,472,3127,5278,3158,5302,dorsal
demo_image,demo_image.tif,right,CPu_R,957,5657.973665973666,3145.910602910603,1443,3127,5628,3166,5687,dorsal
demo_image,demo_image.tif,right,CPu_R,961,4920.815315315315,3148.6047297297296,888,3131,4905,3166,4937,dorsal
demo_image,demo_image.tif,right,CPu_R,962,5776.643493761141,3149.45632798574,561,3131,5763,3167,5795,dorsal
demo_image,demo_image.tif,right,CPu_R,963,5990.177664974619,3161.6243654822333,985,3133,5979,3191,6002,dorsal
demo_image,demo_image.tif,right,CPu_R,965,5094.049933125279,3176.109228711547,2243,3136,5061,3207,5125,dorsal
demo_image,demo_image.tif,right,CPu_R,966,5137.976936723832,3162.0479006505025,1691,3136,5118,3192,5160,dorsal
demo_image,demo_image.tif,right,CPu_R,967,5502.15953654189,3154.535650623886,1122,3136,5483,3177,5521,dorsal
demo_image,demo_image.tif,right,CPu_R,968,5971.352402745995,3163.7356979405035,874,3139,5960,3187,5983,dorsal
demo_image,demo_image.tif,right,CPu_R,970,4814.412805093739,3177.748142907676,2827,3142,4787,3218,4841,dorsal
demo_image,demo_image.tif,right,CPu_R,971,6159.2284615384615,3173.2092307692305,1300,3145,6144,3205,6174,dorsal
demo_image,demo_image.tif,right,CPu_R,972,6068.728351126928,3162.9739027283513,843,3146,6046,3184,6096,dorsal
demo_image,demo_image.tif,right,CPu_R,974,5244.772727272727,3152.875,88,3147,5241,3160,5250,dorsal
demo_image,demo_image.tif,right,CPu_R,976,6304.005235602094,3168.348167539267,764,3148,6293,3192,6318,dorsal
demo_image,demo_image.tif,right,CPu_R,977,4890.612104539202,3195.9057771664375,4362,3150,4857,3249,4927,dorsal
demo_image,demo_image.tif,right,CPu_R,978,5411.567502021018,3170.767987065481,1237,3150,5393,3193,5431,dorsal
demo_image,demo_image.tif,right,CPu_R,979,5000.040871934605,3173.008174386921,1468,3151,4977,3195,5025,dorsal
demo_image,demo_image.tif,right,CPu_R,981,5162.0214953271025,3184.5943925233646,1070,3153,5142,3208,5178,dorsal
demo_image,demo_image.tif,right,CPu_R,982,5066.62512363996,3177.3432245301683,1011,3155,5052,3199,5082,dorsal
demo_image,demo_image.tif,right,CPu_R,983,4851.18164556962,3192.656329113924,1580,3156,4834,3231,4875,dorsal
demo_image,demo_image.tif,right,CPu_R,984,5653.954285714286,3179.6979591836734,2450,3156,5617,3206,5691,dorsal
demo_image,demo_image.tif,right,CPu_R,986,5491.118616144975,3178.2372322899505,607,3158,5481,3195,5505,dorsal
demo_image,demo_image.tif,right,CPu_R,987,5322.756862745098,3169.749019607843,255,3159,5315,3181,5331,dorsal
demo_image,demo_image.tif,right,CPu_R,990,5796.687263556116,3193.9747793190418,2379,3164,5771,3224,5824,dorsal
demo_image,demo_image.tif,right,CPu_R,992,5912.3195187165775,3179.8435828877004,748,3165,5898,3197,5928,dorsal
demo_image,demo_image.tif,right,CPu_R,993,5946.046883933676,3194.2075471698113,1749,3165,5924,3227,5967,dorsal
demo_image,demo_image.tif,right,CPu_R,994,6025.848670756646,3195.2811860940697,978,3165,6001,3233,6056,dorsal
demo_image,demo_image.tif,right,CPu_R,996,6073.438858695652,3187.6290760869565,736,3172,6058,3206,6094,dorsal
demo_image,demo_image.tif,right,CPu_R,998,6114.292410714285,3191.4084821428573,448,3175,6102,3210,6124,dorsal
demo_image,demo_image.tif,right,CPu_R,1002,5317.303478904515,3198.520355292376,1351,3179,5293,3220,5341,dorsal
demo_image,demo_image.tif,right,CPu_R,1004,5567.656516443361,3197.5334957369064,821,3180,5554,3219,5584,dorsal
demo_image,demo_image.tif,right,CPu_R,1007,6096.341736694678,3199.4901960784314,714,3183,6076,3215,6112,dorsal
demo_image,demo_image.tif,right,CPu_R,1008,6140.860122699387,3209.8478527607363,815,3184,6130,3232,6154,dorsal
demo_image,demo_image.tif,right,CPu_R,1010,5186.379204892966,3209.8572884811415,981,3188,5166,3229,5206,dorsal
demo_image,demo_image.tif,right,CPu_R,1011,4934.71469740634,3204.760806916426,694,3189,4920,3222,4951,dorsal
demo_image,demo_image.tif,right,CPu_R,1012,6173.899115044248,3219.7274336283185,1130,3189,6146,3243,6203,dorsal
demo_image,demo_image.tif,right,CPu_R,1014,5053.509561304837,3207.938132733408,889,3191,5038,3226,5071,dorsal
demo_image,demo_image.tif,right,CPu_R,1016,4977.909090909091,3220.2009857612265,1826,3194,4955,3250,5001,dorsal
demo_image,demo_image.tif,right,CPu_R,1017,5898.721367521368,3214.733333333333,585,3194,5887,3235,5910,dorsal
demo_image,demo_image.tif,right,CPu_R,1018,6305.721789883269,3207.941634241245,514,3194,6295,3225,6321,dorsal
demo_image,demo_image.tif,right,CPu_R,1020,5921.473384030418,3212.3098859315587,526,3196,5909,3230,5936,dorsal
demo_image,demo_image.tif,right,CPu_R,1021,5758.063244047619,3224.6584821428573,1344,3198,5744,3252,5777,dorsal
demo_image,demo_image.tif,right,CPu_R,1022,6212.826232247285,3231.3583959899747,1197,3202,6200,3261,6226,dorsal
demo_image,demo_image.tif,right,CPu_R,1023,5117.687747035573,3222.794466403162,1771,3203,5085,3246,5145,dorsal
demo_image,demo_image.tif,right,CPu_R,1024,5483.3170272812795,3228.675446848542,1063,3205,5469,3255,5498,dorsal
demo_image,demo_image.tif,right,CPu_R,1025,6315.837723919915,3229.246575342466,949,3205,6298,3249,6332,dorsal
demo_image,demo_image.tif,right,CPu_R,1029,5453.224489795918,3228.444897959184,980,3208,5438,3250,5469,dorsal
demo_image,demo_image.tif,right,CPu_R,1030,5857.384146341464,3225.4298780487807,656,3210,5836,3243,5875,dorsal
demo_image,demo_image.tif,right,CPu_R,1031,6099.646473779385,3227.525316455696,1106,3210,6080,3245,6123,dorsal
demo_image,demo_image.tif,right,CPu_R,1032,5702.412849872773,3236.2608142493636,1572,3211,5682,3261,5722,dorsal
demo_image,demo_image.tif,right,CPu_R,1033,5841.958698372966,3235.1902377972465,799,3212,5828,3255,5861,dorsal
demo_image,demo_image.tif,right,CPu_R,1034,5288.30985915493,3220.0845070422533,142,3213,5283,3228,5296,dorsal
demo_image,demo_image.tif,right,CPu_R,1036,5170.887269193392,3234.7667638483963,1029,3215,5154,3257,5190,dorsal
demo_image,demo_image.tif,right,CPu_R,1037,6039.765171503957,3238.337730870712,1137,3216,6021,3263,6061,dorsal
demo_image,demo_image.tif,right,CPu_R,1040,5636.933016421781,3252.23768366465,2314,3223,5614,3284,5660,dorsal
demo_image,demo_image.tif,right,CPu_R,1043,5583.776501766784,3245.8047703180214,1132,3224,5564,3269,5602,dorsal
demo_image,demo_image.tif,right,CPu_R,1045,5783.565731166913,3242.914327917282,677,3229,5767,3259,5799,dorsal
demo_image,demo_image.tif,right,CPu_R,1047,5990.8626373626375,3240.739010989011,364,3231,5980,3252,6002,dorsal
demo_image,demo_image.tif,right,CPu_R,1048,4866.2702212549875,3267.8262604280017,2757,3232,4827,3302,4902,dorsal
demo_image,demo_image.tif,right,CPu_R,1049,4902.358561460011,3256.807300053677,1863,3232,4873,3285,4929,dorsal
demo_image,demo_image.tif,right,CPu_R,1051,6272.823776223776,3242.4153846153845,715,3233,6251,3253,6295,dorsal
demo_image,demo_image.tif,right,CPu_R,1055,4828.064942874324,3263.6722790138306,1663,3235,4805,3294,4855,dorsal
demo_image,demo_image.tif,right,CPu_R,1056,5902.271056661562,3247.698315467075,653,3238,5881,3259,5923,dorsal
demo_image,demo_image.tif,right,CPu_R,1057,4773.486511627907,3257.112558139535,1075,3239,4749,3274,4801,ventral
demo_image,demo_image.tif,right,CPu_R,1060,5192.536557930259,3261.6614173228345,889,3244,5173,3280,5210,dorsal
demo_image,demo_image.tif,right,CPu_R,1061,5345.557291666667,3253.046875,384,3244,5334,3265,5359,dorsal
demo_image,demo_image.tif,right,CPu_R,1063,5856.777711204314,3273.1707609346913,1669,3246,5837,3300,5878,dorsal
demo_image,demo_image.tif,right,CPu_R,1064,5776.5009842519685,3271.0226377952754,1016,3250,5754,3293,5798,dorsal
demo_image,demo_image.tif,right,CPu_R,1067,5034.238551207327,3283.436303080766,2402,3253,5001,3314,5080,dorsal
demo_image,demo_image.tif,right,CPu_R,1068,5985.586443259711,3280.6930693069307,1313,3253,5971,3310,6002,dorsal
demo_image,demo_image.tif,right,CPu_R,1069,5060.472792149866,3274.471008028546,1121,3255,5036,3298,5080,dorsal
demo_image,demo_image.tif,right,CPu_R,1071,5420.870997255261,3283.0338517840805,1093,3261,5405,3306,5438,dorsal
demo_image,demo_image.tif,right,CPu_R,1076,5327.141955835962,3274.03785488959,317,3266,5315,3282,5340,dorsal
demo_image,demo_image.tif,right,CPu_R,1077,6076.858592692828,3291.6454668470906,1478,3266,6056,3319,6098,dorsal
demo_image,demo_image.tif,right,CPu_R,1079,6243.171134020618,3277.1278350515463,485,3267,6226,3288,6261,dorsal
demo_image,demo_image.tif,right,CPu_R,1082,4957.481318681319,3284.065934065934,455,3269,4947,3299,4970,dorsal
demo_image,demo_image.tif,right,CPu_R,1083,5754.11954459203,3300.3273244781785,1054,3269,5735,3330,5776,dorsal
demo_image,demo_image.tif,right,CPu_R,1088,6128.522613065326,3280.321608040201,199,3272,6122,3289,6137,dorsal
demo_image,demo_image.tif,right,CPu_R,1089,5275.19578313253,3289.965361445783,664,3275,5261,3307,5291,dorsal
demo_image,demo_image.tif,right,CPu_R,1092,6134.407749077491,3296.343173431734,542,3283,6121,3310,6149,dorsal
demo_image,demo_image.tif,right,CPu_R,1095,5161.072325164376,3310.2062163777646,1673,3285,5141,3336,5184,dorsal
demo_image,demo_image.tif,right,CPu_R,1096,4996.644640234948,3319.147577092511,1362,3288,4980,3350,5018,dorsal
demo_image,demo_image.tif,right,CPu_R,1102,4888.387701928087,3340.1782178217823,1919,3297,4855,3377,4922,ventral
demo_image,demo_image.tif,right,CPu_R,1106,5998.304918032787,3311.711475409836,305,3302,5987,3322,6009,dorsal
demo_image,demo_image.tif,right,CPu_R,1107,5688.226305609284,3324.919729206963,1034,3303,5675,3349,5702,dorsal
demo_image,demo_image.tif,right,CPu_R,1108,5110.513094083414,3324.5063045586808,1031,3304,5095,3347,5130,dorsal
demo_image,demo_image.tif,right,CPu_R,1109,4848.273553468646,3343.022720387761,3301,3305,4800,3387,4890,ventral
demo_image,demo_image.tif,right,CPu_R,1110,4919.163540885222,3332.7479369842463,1333,3306,4899,3361,4941,dorsal
demo_image,demo_image.tif,right,CPu_R,1111,5415.411764705882,3332.1076040172165,697,3306,5406,3356,5427,dorsal
demo_image,demo_image.tif,right,CPu_R,1113,5378.163410301954,3327.069271758437,563,3312,5358,3345,5397,dorsal
demo_image,demo_image.tif,right,CPu_R,1114,5434.849284928493,3332.70297029703,909,3313,5422,3355,5448,dorsal
demo_image,demo_image.tif,right,CPu_R,1119,5519.200610553859,3354.468382032272,2293,3319,5497,3388,5545,dorsal
demo_image,demo_image.tif,right,CPu_R,1123,4987.66065830721,3352.775078369906,1276,3325,4970,3379,5006,dorsal
demo_image,demo_image.tif,right,CPu_R,1124,5956.853575482406,3348.6356413166855,881,3325,5945,3373,5971,dorsal
demo_image,demo_image.tif,right,CPu_R,1125,5855.707729468599,3343.5881642512077,828,3326,5840,3363,5871,dorsal
demo_image,demo_image.tif,right,CPu_R,1127,5049.778582514226,3359.6337299534403,1933,3328,5028,3397,5073,dorsal
demo_image,demo_image.tif,right,CPu_R,1128,5261.29980404964,3351.421946440235,1531,3328,5241,3375,5284,dorsal
demo_image,demo_image.tif,right,CPu_R,1131,6307.554054054054,3359.3294723294725,1554,3332,6289,3387,6327,dorsal
demo_image,demo_image.tif,right,CPu_R,1132,5630.628968253968,3360.969246031746,1008,3334,5615,3385,5648,dorsal
demo_image,demo_image.tif,right,CPu_R,1134,5704.482808022923,3355.2106017191977,698,3336,5692,3372,5717,dorsal
demo_image,demo_image.tif,right,CPu_R,1135,4814.190774487472,3357.9470387243737,1756,3338,4785,3378,4852,ventral
demo_image,demo_image.tif,right,CPu_R,1136,5124.782101167315,3352.0603112840467,514,3338,5110,3365,5138,dorsal
demo_image,demo_image.tif,right,CPu_R,1138,5932.639051220351,3378.7115847370233,2909,3339,5903,3418,5964,dorsal
demo_image,demo_image.tif,right,CPu_R,1142,6236.602564102564,3363.5641025641025,702,3347,6222,3381,6252,dorsal
demo_image,demo_image.tif,right,CPu_R,1144,5779.744204018547,3383.8508500772796,1294,3348,5762,3416,5801,dorsal
demo_image,demo_image.tif,right,CPu_R,1145,6092.463556851312,3365.106413994169,686,3348,6080,3389,6106,dorsal
demo_image,demo_image.tif,right,CPu_R,1146,5890.167046317388,3379.136674259681,1317,3349,5877,3412,5910,dorsal
demo_image,demo_image.tif,right,CPu_R,1147,5845.121339892246,3396.207776996954,4269,3352,5815,3442,5878,dorsal
demo_image,demo_image.tif,right,CPu_R,1149,6015.612660944206,3393.68347639485,1864,3355,5991,3434,6041,dorsal
demo_image,demo_image.tif,right,CPu_R,1152,5102.921158129176,3395.412472160356,2245,3364,5071,3429,5128,dorsal
demo_image,demo_image.tif,right,CPu_R,1153,5476.247752247752,3386.3496503496503,1001,3364,5457,3410,5499,dorsal
demo_image,demo_image.tif,right,CPu_R,1154,5703.509561304837,3392.4420697412825,1778,3364,5677,3421,5726,dorsal
demo_image,demo_image.tif,right,CPu_R,1155,6110.26326129666,3378.434184675835,509,3364,6098,3393,6122,dorsal
demo_image,demo_image.tif,right,CPu_R,1157,4776.19540229885,3381.191222570533,957,3366,4752,3396,4804,ventral
demo_image,demo_image.tif,right,CPu_R,1160,4900.728395061728,3393.6609686609686,1053,3371,4876,3414,4925,ventral
demo_image,demo_image.tif,right,CPu_R,1161,5421.872324159021,3394.140672782875,1308,3371,5402,3421,5443,dorsal
demo_image,demo_image.tif,right,CPu_R,1163,4856.395045045045,3399.272072072072,2220,3372,4818,3430,4895,ventral
demo_image,demo_image.tif,right,CPu_R,1164,6136.584229390681,3386.706093189964,558,3373,6122,3402,6150,dorsal
demo_image,demo_image.tif,right,CPu_R,1169,5678.905555555555,3397.0,540,3376,5669,3416,5689,dorsal
demo_image,demo_image.tif,right,CPu_R,1171,6232.03531598513,3411.8912639405203,1076,3380,6220,3447,6244,dorsal
demo_image,demo_image.tif,right,CPu_R,1175,4782.902995720399,3405.907988587732,1402,3384,4749,3427,4815,ventral
demo_image,demo_image.tif,right,CPu_R,1176,6153.194407456725,3413.923435419441,1502,3384,6135,3444,6173,dorsal
demo_image,demo_image.tif,right,CPu_R,1179,5658.186106346484,3409.6663807890222,1166,3386,5641,3433,5676,dorsal
demo_image,demo_image.tif,right,CPu_R,1182,5611.135593220339,3398.245762711864,236,3388,5604,3408,5619,dorsal
demo_image,demo_image.tif,right,CPu_R,1183,5180.539256198347,3399.6797520661157,484,3389,5166,3413,5196,dorsal
demo_image,demo_image.tif,right,CPu_R,1185,5991.348314606742,3434.2862921348315,2225,3393,5962,3475,6021,dorsal
demo_image,demo_image.tif,right,CPu_R,1188,6336.505494505494,3411.5995115995115,819,3394,6323,3432,6351,dorsal
demo_image,demo_image.tif,right,CPu_R,1189,5059.282481751825,3424.821897810219,1370,3396,5039,3456,5077,dorsal
demo_image,demo_image.tif,right,CPu_R,1190,6096.745366639807,3431.0692989524578,1241,3397,6085,3464,6110,dorsal
demo_image,demo_image.tif,right,CPu_R,1193,5394.452589641434,3423.822310756972,1255,3402,5371,3447,5419,dorsal
demo_image,demo_image.tif,right,CPu_R,1200,4851.211669367909,3438.978606158833,3085,3408,4813,3475,4889,ventral
demo_image,demo_image.tif,right,CPu_R,1201,5251.927906976744,3418.1162790697676,430,3408,5240,3430,5264,dorsal
demo_image,demo_image.tif,right,CPu_R,1202,4987.469785575049,3424.6861598440546,513,3409,4974,3444,5001,ventral
demo_image,demo_image.tif,right,CPu_R,1203,4972.349256068912,3435.6123727486297,1277,3410,4952,3461,4996,ventral
demo_image,demo_image.tif,right,CPu_R,1204,5342.262114537445,3418.773127753304,454,3410,5328,3430,5357,dorsal
demo_image,demo_image.tif,right,CPu_R,1205,6053.354465270121,3445.0804851157664,1814,3410,6039,3497,6072,dorsal
demo_image,demo_image.tif,right,CPu_R,1210,5480.942608695652,3427.2765217391307,575,3412,5467,3446,5494,dorsal
demo_image,demo_image.tif,right,CPu_R,1211,5017.8067542213885,3440.5984990619136,1066,3415,4996,3468,5045,ventral
demo_image,demo_image.tif,right,CPu_R,1212,5512.412440191388,3438.0478468899523,1045,3419,5494,3460,5532,dorsal
demo_image,demo_image.tif,right,CPu_R,1213,4919.855116514691,3436.0081053698077,987,3420,4898,3455,4940,ventral
demo_image,demo_image.tif,right,CPu_R,1214,5041.625418060201,3441.865105908584,897,3420,5025,3465,5060,ventral
demo_image,demo_image.tif,right,CPu_R,1217,5282.591176470588,3433.985294117647,340,3424,5273,3445,5293,dorsal
demo_image,demo_image.tif,right,CPu_R,1218,5153.3324099722995,3438.354570637119,361,3426,5144,3452,5163,dorsal
demo_image,demo_image.tif,right,CPu_R,1220,5609.03519668737,3451.212215320911,966,3427,5584,3474,5637,dorsal
demo_image,demo_image.tif,right,CPu_R,1222,4805.019032513878,3460.4932593180015,1261,3437,4782,3487,4828,ventral
demo_image,demo_image.tif,right,CPu_R,1227,4776.203015075377,3461.289447236181,995,3444,4757,3478,4798,ventral
demo_image,demo_image.tif,right,CPu_R,1230,5511.474160206718,3467.754521963824,774,3450,5493,3487,5531,dorsal
demo_image,demo_image.tif,right,CPu_R,1232,5699.217931034483,3467.308965517241,725,3451,5683,3484,5716,dorsal
demo_image,demo_image.tif,right,CPu_R,1234,4964.452900232019,3482.184686774942,2155,3453,4934,3517,4993,ventral
demo_image,demo_image.tif,right,CPu_R,1236,5262.121546961326,3466.502762430939,362,3456,5249,3479,5276,dorsal
demo_image,demo_image.tif,right,CPu_R,1238,6309.537832310839,3468.924335378323,489,3457,6297,3482,6323,dorsal
demo_image,demo_image.tif,right,CPu_R,1239,5001.144224196856,3488.9254955570746,1463,3462,4983,3517,5019,ventral
demo_image,demo_image.tif,right,CPu_R,1240,5960.095920138889,3500.9639756944443,2304,3463,5938,3539,5983,dorsal
demo_image,demo_image.tif,right,CPu_R,1242,4854.734640030155,3498.3746701846967,2653,3469,4818,3531,4889,ventral
demo_image,demo_image.tif,right,CPu_R,1244,4941.531944444445,3496.7013888888887,1440,3470,4916,3525,4971,ventral
demo_image,demo_image.tif,right,CPu_R,1248,5870.262131303521,3510.0984776403425,2102,3474,5851,3551,5891,dorsal
demo_image,demo_image.tif,right,CPu_R,1249,5242.1516587677725,3487.284360189574,422,3475,5230,3501,5255,dorsal
demo_image,demo_image.tif,right,CPu_R,1251,6008.399196787149,3504.618473895582,1245,3480,5991,3532,6026,dorsal
demo_image,demo_image.tif,right,CPu_R,1254,4932.013112884834,3518.5672748004563,1754,3484,4896,3559,4965,ventral
demo_image,demo_image.tif,right,CPu_R,1255,5270.1640211640215,3495.9232804232806,378,3484,5260,3508,5281,dorsal
demo_image,demo_image.tif,right,CPu_R,1258,5691.010148849797,3509.809878213802,1478,3487,5671,3534,5712,dorsal
demo_image,demo_image.tif,right,CPu_R,1261,5332.502487562189,3507.7844112769485,603,3493,5321,3524,5346,dorsal
demo_image,demo_image.tif,right,CPu_R,1262,6242.571756601607,3522.614236509759,871,3493,6227,3547,6260,dorsal
demo_image,demo_image.tif,right,CPu_R,1264,5215.988616462347,3515.880910683012,1142,3495,5199,3540,5237,dorsal
demo_image,demo_image.tif,right,CPu_R,1265,5367.8816837315135,3511.563139931741,879,3495,5350,3529,5388,dorsal
demo_image,demo_image.tif,right,CPu_R,1266,5900.125,3531.338619402985,1072,3495,5885,3568,5917,dorsal
demo_image,demo_image.tif,right,CPu_R,1268,5167.175847457627,3510.991525423729,472,3498,5157,3525,5179,ventral
demo_image,demo_image.tif,right,CPu_R,1269,6168.260273972603,3519.4124809741247,657,3500,6152,3536,6191,dorsal
demo_image,demo_image.tif,right,CPu_R,1270,6071.61421319797,3522.6883248730965,985,3501,6059,3547,6086,dorsal
demo_image,demo_image.tif,right,CPu_R,1274,4809.027848101266,3514.759493670886,395,3506,4795,3524,4823,ventral
demo_image,demo_image.tif,right,CPu_R,1275,5842.996314496315,3523.517199017199,814,3506,5830,3542,5859,dorsal
demo_image,demo_image.tif,right,CPu_R,1276,5038.948430493274,3534.763452914798,892,3508,5022,3559,5057,ventral
demo_image,demo_image.tif,right,CPu_R,1278,5785.840625,3519.6875,320,3511,5773,3529,5798,dorsal
demo_image,demo_image.tif,right,CPu_R,1279,4906.551169590643,3524.0102339181285,684,3512,4887,3536,4926,ventral
demo_image,demo_image.tif,right,CPu_R,1280,5140.354107648725,3521.974504249292,353,3512,5129,3533,5153,ventral
demo_image,demo_image.tif,right,CPu_R,1281,5401.655313351499,3527.3119891008173,734,3513,5385,3544,5417,dorsal
demo_image,demo_image.tif,right,CPu_R,1282,5021.2314606741575,3534.130337078652,445,3515,5013,3553,5031,ventral
demo_image,demo_image.tif,right,CPu_R,1287,4809.173836698858,3534.741000877963,1139,3518,4784,3551,4835,ventral
demo_image,demo_image.tif,right,CPu_R,1288,5246.207903780069,3539.8505154639174,582,3520,5229,3559,5263,dorsal
demo_image,demo_image.tif,right,CPu_R,1289,5541.076923076923,3541.9625506072875,988,3521,5528,3566,5556,dorsal
demo_image,demo_image.tif,right,CPu_R,1292,5072.2967032967035,3545.000999000999,1001,3523,5052,3568,5090,ventral
demo_image,demo_image.tif,right,CPu_R,1294,5780.116575591986,3538.3278688524592,549,3525,5765,3555,5793,dorsal
demo_image,demo_image.tif,right,CPu_R,1296,6035.130013831259,3557.2123098201937,1446,3527,6020,3590,6050,dorsal
demo_image,demo_image.tif,right,CPu_R,1298,5923.5470430107525,3552.1720430107525,744,3528,5914,3576,5934,dorsal
demo_image,demo_image.tif,right,CPu_R,1300,5166.953825857519,3551.1477572559365,758,3531,5149,3574,5184,ventral
demo_image,demo_image.tif,right,CPu_R,1302,4846.516629711752,3541.7516629711754,451,3532,4833,3554,4863,ventral
demo_image,demo_image.tif,right,CPu_R,1304,5856.7823275862065,3562.158943965517,1856,3533,5832,3594,5879,dorsal
demo_image,demo_image.tif,right,CPu_R,1305,4922.937576499388,3549.909424724602,817,3535,4902,3572,4945,ventral
demo_image,demo_image.tif,right,CPu_R,1306,6086.940836940837,3567.2669552669554,1386,3535,6067,3601,6104,dorsal
demo_image,demo_image.tif,right,CPu_R,1307,6227.221362229102,3557.831269349845,646,3535,6218,3586,6237,dorsal
demo_image,demo_image.tif,right,CPu_R,1308,6282.952930728242,3563.0017761989343,1126,3535,6269,3594,6296,dorsal
demo_image,demo_image.tif,right,CPu_R,1309,5822.8524046434495,3554.2918739635156,603,3537,5809,3571,5836,dorsal
demo_image,demo_image.tif,right,CPu_R,1310,5771.575276243094,3562.803867403315,1448,3540,5748,3588,5796,dorsal
demo_image,demo_image.tif,right,CPu_R,1314,5582.968581687613,3562.0754039497306,1114,3542,5563,3583,5604,dorsal
demo_image,demo_image.tif,right,CPu_R,1315,4877.592998955068,3578.6118077324973,1914,3544,4849,3611,4911,ventral
demo_image,demo_image.tif,right,CPu_R,1316,4809.010335917313,3560.5159345391903,1161,3545,4787,3577,4834,ventral
demo_image,demo_image.tif,right,CPu_R,1321,6108.48252688172,3574.016129032258,744,3549,6098,3602,6118,dorsal
demo_image,demo_image.tif,right,CPu_R,1323,6214.958174904943,3574.2984790874525,526,3551,6206,3593,6228,dorsal
demo_image,demo_image.tif,right,CPu_R,1325,5313.739823008849,3564.8973451327433,565,3552,5301,3579,5328,dorsal
demo_image,demo_image.tif,right,CPu_R,1332,5204.534971644613,3582.2098298676747,529,3565,5195,3599,5214,ventral
demo_image,demo_image.tif,right,CPu_R,1334,5766.712550607287,3586.36032388664,494,3571,5752,3600,5783,dorsal
demo_image,demo_image.tif,right,CPu_R,1336,4951.864972200159,3603.3534551231137,1259,3574,4928,3640,4979,ventral
demo_image,demo_image.tif,right,CPu_R,1337,4787.466435185185,3590.646990740741,864,3577,4761,3604,4812,ventral
demo_image,demo_image.tif,right,CPu_R,1338,5661.712682379349,3593.2918069584734,891,3577,5645,3609,5681,dorsal
demo_image,demo_image.tif,right,CPu_R,1339,5742.970967741935,3600.7913978494626,930,3579,5728,3624,5759,dorsal
demo_image,demo_image.tif,right,CPu_R,1341,5310.868167202572,3606.69667738478,933,3582,5295,3633,5328,ventral
demo_image,demo_image.tif,right,CPu_R,1344,5860.770418006431,3615.592926045016,1555,3585,5842,3653,5876,dorsal
demo_image,demo_image.tif,right,CPu_R,1345,4896.998402555911,3621.6943556975502,1878,3587,4861,3649,4933,ventral
demo_image,demo_image.tif,right,CPu_R,1346,4856.41544117647,3607.037990196078,816,3588,4840,3629,4876,ventral
demo_image,demo_image.tif,right,CPu_R,1347,5155.013618677042,3611.365758754864,514,3590,5148,3635,5162,ventral
demo_image,demo_image.tif,right,CPu_R,1351,5841.157480314961,3621.6745406824143,762,3598,5829,3646,5858,dorsal
demo_image,demo_image.tif,right,CPu_R,1353,6003.0647969052225,3623.088007736944,1034,3600,5989,3657,6023,dorsal
demo_image,demo_image.tif,right,CPu_R,1354,4988.7082125603865,3624.2763285024153,1035,3602,4965,3649,5013,ventral
demo_image,demo_image.tif,right,CPu_R,1357,5119.888461538461,3628.2961538461536,780,3606,5105,3653,5135,ventral
demo_image,demo_image.tif,right,CPu_R,1358,5494.369829683698,3619.3479318734794,411,3606,5484,3632,5505,dorsal
demo_image,demo_image.tif,right,CPu_R,1359,5544.29973474801,3618.2201591511935,377,3607,5533,3631,5557,dorsal
demo_image,demo_image.tif,right,CPu_R,1360,5963.254314259764,3649.5122615803816,2202,3609,5945,3685,5986,dorsal
demo_image,demo_image.tif,right,CPu_R,1361,5027.389948006932,3624.001733102253,577,3610,5012,3642,5045,ventral
demo_image,demo_image.tif,right,CPu_R,1367,5343.6045918367345,3636.377551020408,392,3623,5334,3651,5354,ventral
demo_image,demo_image.tif,right,CPu_R,1368,4831.035961272476,3636.376210235131,723,3624,4811,3649,4852,ventral
demo_image,demo_image.tif,right,CPu_R,1369,5658.539634146341,3632.6768292682927,328,3625,5646,3641,5672,dorsal
demo_image,demo_image.tif,right,CPu_R,1370,6013.929292929293,3648.80202020202,990,3625,6000,3672,6027,dorsal
demo_image,demo_image.tif,right,CPu_R,1377,5032.027027027027,3645.6609336609336,407,3633,5019,3660,5044,ventral
demo_image,demo_image.tif,right,CPu_R,1380,5158.719451371571,3659.839152119701,802,3634,5148,3686,5171,ventral
demo_image,demo_image.tif,right,CPu_R,1384,5401.756476683938,3662.9098445595855,965,3638,5384,3687,5421,dorsal
demo_image,demo_image.tif,right,CPu_R,1386,5708.585551330799,3645.0874524714823,263,3639,5696,3652,5722,dorsal
demo_image,demo_image.tif,right,CPu_R,1389,4874.187919463087,3654.314093959731,745,3640,4857,3669,4894,ventral
demo_image,demo_image.tif,right,CPu_R,1390,4994.0942622950815,3674.434426229508,1708,3640,4963,3712,5026,ventral
demo_image,demo_image.tif,right,CPu_R,1391,5766.747330960854,3652.967971530249,281,3645,5757,3662,5780,dorsal
demo_image,demo_image.tif,right,CPu_R,1392,4924.067495559502,3658.2238010657193,563,3646,4911,3673,4941,ventral
demo_image,demo_image.tif,right,CPu_R,1398,5299.693054136875,3690.8610827374873,1958,3652,5284,3726,5318,ventral
demo_image,demo_image.tif,right,CPu_R,1399,5483.883248730965,3667.253807106599,591,3652,5470,3684,5499,dorsal
demo_image,demo_image.tif,right,CPu_R,1400,5782.681428571429,3682.2542857142857,2100,3653,5757,3713,5807,dorsal
demo_image,demo_image.tif,right,CPu_R,1406,5440.292257802999,3688.418321848399,2467,3658,5416,3722,5474,dorsal
demo_image,demo_image.tif,right,CPu_R,1407,5222.883852691218,3681.8725212464583,706,3661,5213,3704,5234,ventral
demo_image,demo_image.tif,right,CPu_R,1408,4944.320251177394,3678.841444270015,637,3663,4923,3697,4962,ventral
demo_image,demo_image.tif,right,CPu_R,1411,5536.465573770492,3682.32131147541,610,3668,5519,3695,5556,dorsal
demo_image,demo_image.tif,right,CPu_R,1412,5602.68306010929,3678.5792349726776,549,3668,5585,3690,5622,dorsal
demo_image,demo_image.tif,right,CPu_R,1413,6219.267201834862,3691.7087155963304,872,3668,6206,3716,6233,dorsal
demo_image,demo_image.tif,right,CPu_R,1415,5676.912724306689,3690.200652528548,1226,3669,5659,3714,5696,dorsal
demo_image,demo_image.tif,right,CPu_R,1417,6153.3161688980435,3695.703398558187,971,3675,6137,3717,6170,dorsal
demo_image,demo_image.tif,right,CPu_R,1420,5104.942820838628,3706.249047013977,787,3679,5089,3733,5121,ventral
demo_image,demo_image.tif,right,CPu_R,1423,5945.789545145961,3711.478615071283,1473,3685,5928,3737,5968,dorsal
demo_image,demo_image.tif,right,CPu_R,1426,5885.1376,3709.5856,625,3692,5873,3730,5898,dorsal
demo_image,demo_image.tif,right,CPu_R,1428,5864.615168539326,3703.561797752809,356,3693,5853,3715,5874,dorsal
demo_image,demo_image.tif,right,CPu_R,1429,5983.34303030303,3715.947878787879,825,3693,5967,3739,5998,dorsal
demo_image,demo_image.tif,right,CPu_R,1433,5226.926622765757,3723.3885230479777,1063,3695,5214,3750,5239,ventral
demo_image,demo_image.tif,right,CPu_R,1434,6063.601901366607,3728.566844919786,1683,3695,6046,3762,6081,dorsal
demo_image,demo_image.tif,right,CPu_R,1435,5167.934277047522,3729.0859453993935,989,3697,5159,3763,5178,ventral
demo_image,demo_image.tif,right,CPu_R,1437,5733.055928411633,3710.946308724832,447,3701,5719,3721,5748,dorsal
demo_image,demo_image.tif,right,CPu_R,1438,5077.677192982456,3725.5766081871343,855,3702,5062,3751,5095,ventral
demo_image,demo_image.tif,right,CPu_R,1439,5581.012944983819,3713.1132686084143,618,3703,5560,3723,5604,dorsal
demo_image,demo_image.tif,right,CPu_R,1440,5544.760869565217,3719.2065217391305,276,3708,5538,3732,5552,dorsal
demo_image,demo_image.tif,right,CPu_R,1442,5871.310569105691,3732.7918699186994,1230,3710,5852,3757,5893,dorsal
demo_image,demo_image.tif,right,CPu_R,1443,5908.443697478991,3729.5747899159664,595,3712,5897,3752,5919,dorsal
demo_image,demo_image.tif,right,CPu_R,1448,5923.897321428572,3737.305803571429,448,3719,5916,3757,5934,dorsal
demo_image,demo_image.tif,right,CPu_R,1459,5138.931543624161,3762.5140939597313,745,3736,5127,3790,5151,ventral
demo_image,demo_image.tif,right,CPu_R,1461,5689.538952745849,3757.934865900383,783,3739,5674,3778,5706,dorsal
demo_image,demo_image.tif,right,CPu_R,1464,5950.063636363637,3755.757575757576,330,3746,5939,3767,5961,dorsal
demo_image,demo_image.tif,right,CPu_R,1469,5733.170340681363,3773.258517034068,499,3756,5724,3793,5744,dorsal
demo_image,demo_image.tif,right,CPu_R,1472,5590.87170263789,3777.991606714628,834,3761,5569,3795,5614,dorsal
demo_image,demo_image.tif,right,CPu_R,1474,5110.867256637168,3779.787610619469,452,3763,5101,3798,5121,ventral
demo_image,demo_image.tif,right,CPu_R,1475,5747.683274021352,3779.772241992883,281,3766,5740,3791,5758,dorsal
demo_image,demo_image.tif,right,CPu_R,1477,5874.445850914205,3783.0731364275666,711,3770,5854,3798,5891,dorsal
demo_image,demo_image.tif,right,CPu_R,1479,5654.899705014749,3786.9306784660766,678,3771,5639,3805,5670,dorsal
demo_image,demo_image.tif,right,CPu_R,1483,5465.396265560166,3789.914937759336,482,3773,5456,3809,5475,ventral
demo_image,demo_image.tif,right,CPu_R,1484,5373.342028985508,3783.475362318841,345,3774,5360,3794,5388,ventral
demo_image,demo_image.tif,right,CPu_R,1487,6010.734265734266,3805.13986013986,715,3782,5999,3829,6023,dorsal
demo_image,demo_image.tif,right,CPu_R,1489,5807.689969604863,3792.37386018237,329,3783,5797,3803,5819,dorsal
demo_image,demo_image.tif,right,CPu_R,1491,5320.874202370101,3812.995442114858,1097,3788,5308,3838,5335,ventral
demo_image,demo_image.tif,right,CPu_R,1492,5497.847111111111,3819.344888888889,1125,3792,5485,3848,5512,ventral
demo_image,demo_image.tif,right,CPu_R,1493,5519.2835820895525,3812.585406301824,603,3793,5504,3834,5534,ventral
demo_image,demo_image.tif,right,CPu_R,1496,5701.141119221411,3823.673965936739,1233,3804,5680,3843,5723,dorsal
demo_image,demo_image.tif,right,CPu_R,1499,5548.78798185941,3837.407029478458,882,3816,5533,3860,5564,ventral
demo_image,demo_image.tif,right,CPu_R,1500,5781.264367816092,3824.591954022989,174,3817,5775,3833,5789,dorsal
demo_image,demo_image.tif,right,CPu_R,1504,5283.305683563748,3847.769585253456,651,3822,5271,3867,5296,ventral
demo_image,demo_image.tif,right,CPu_R,1507,5730.278787878788,3838.311111111111,495,3823,5720,3855,5741,dorsal
demo_image,demo_image.tif,right,CPu_R,1508,6028.555319148936,3837.240425531915,470,3823,6018,3853,6040,dorsal
demo_image,demo_image.tif,right,CPu_R,1511,5819.117088607595,3839.215189873418,316,3827,5809,3853,5830,dorsal
demo_image,demo_image.tif,right,CPu_R,1512,5750.357967667436,3838.7621247113166,433,3828,5738,3850,5765,dorsal
demo_image,demo_image.tif,right,CPu_R,1513,5844.659154929577,3856.3906103286386,1065,3830,5829,3886,5861,dorsal
demo_image,demo_image.tif,right,CPu_R,1514,5918.698451507743,3854.593317033414,1227,3832,5904,3880,5939,dorsal
demo_image,demo_image.tif,right,CPu_R,1517,5971.906191369606,3850.176360225141,533,3835,5961,3865,5984,dorsal
demo_image,demo_image.tif,right,CPu_R,1519,5778.2997370727435,3864.25328659071,1141,3838,5760,3886,5800,dorsal
demo_image,demo_image.tif,right,CPu_R,1521,5642.641975308642,3855.882716049383,324,3844,5634,3869,5652,ventral
demo_image,demo_image.tif,right,CPu_R,1523,5259.669565217391,3858.1739130434785,345,3846,5250,3872,5272,ventral
demo_image,demo_image.tif,right,CPu_R,1525,5750.2474093264245,3878.0498704663214,1544,3849,5735,3909,5769,dorsal
demo_image,demo_image.tif,right,CPu_R,1527,5569.299625468165,3863.977528089887,267,3855,5559,3873,5580,ventral
demo_image,demo_image.tif,right,CPu_R,1528,5863.930909090909,3868.181818181818,275,3858,5856,3880,5873,dorsal
demo_image,demo_image.tif,right,CPu_R,1529,5887.083752093802,3884.2403685092127,1194,3859,5872,3915,5902,dorsal
demo_image,demo_image.tif,right,CPu_R,1530,5997.914965986394,3883.511337868481,882,3860,5986,3905,6013,dorsal
demo_image,demo_image.tif,right,CPu_R,1531,5724.65541740675,3885.872113676732,563,3862,5716,3909,5736,ventral
demo_image,demo_image.tif,right,CPu_R,1534,5281.466307277628,3878.012129380054,742,3863,5265,3894,5300,ventral
demo_image,demo_image.tif,right,CPu_R,1536,5416.839406207827,3885.522267206478,741,3867,5404,3906,5430,ventral
demo_image,demo_image.tif,right,CPu_R,1539,5478.882453151618,3889.8364565587735,587,3872,5468,3908,5491,ventral
demo_image,demo_image.tif,right,CPu_R,1541,5907.124450951684,3894.754026354319,683,3873,5898,3916,5919,dorsal
demo_image,demo_image.tif,right,CPu_R,1543,5772.718446601942,3897.1577669902913,412,3880,5763,3914,5784,dorsal
demo_image,demo_image.tif,right,CPu_R,1544,5849.121212121212,3903.031897926635,627,3881,5837,3924,5862,dorsal
demo_image,demo_image.tif,right,CPu_R,1550,5331.046082949309,3892.78801843318,217,3887,5321,3900,5342,ventral
demo_image,demo_image.tif,right,CPu_R,1551,5675.750232126276,3915.599814298979,1077,3893,5657,3940,5696,ventral
demo_image,demo_image.tif,right,CPu_R,1555,5980.22091235264,3931.884674525884,1951,3900,5956,3960,6002,dorsal
demo_image,demo_image.tif,right,CPu_R,1556,5428.9502617801045,3910.7905759162304,382,3901,5416,3921,5442,ventral
demo_image,demo_image.tif,right,CPu_R,1557,5794.001498127341,3930.062172284644,1335,3903,5776,3956,5814,ventral
demo_image,demo_image.tif,right,CPu_R,1558,5329.028673835125,3913.8064516129034,279,3904,5320,3924,5339,ventral
demo_image,demo_image.tif,right,CPu_R,1560,5221.7415254237285,3914.1398305084745,236,3906,5213,3924,5231,ventral
demo_image,demo_image.tif,right,CPu_R,1561,5258.023622047244,3923.963254593176,381,3912,5247,3936,5271,ventral
demo_image,demo_image.tif,right,CPu_R,1562,5299.636815920398,3920.039800995025,201,3912,5293,3930,5308,ventral
demo_image,demo_image.tif,right,CPu_R,1565,5937.307219662059,3930.3748079877114,651,3916,5925,3948,5953,dorsal
demo_image,demo_image.tif,right,CPu_R,1566,5234.140914709518,3940.2509270704577,809,3919,5220,3962,5249,ventral
demo_image,demo_image.tif,right,CPu_R,1568,5733.1625,3929.141666666667,240,3921,5726,3939,5742,ventral
demo_image,demo_image.tif,right,CPu_R,1572,5670.931034482759,3957.950059453032,841,3936,5657,3984,5685,ventral
demo_image,demo_image.tif,right,CPu_R,1574,5341.495652173913,3950.959420289855,345,3940,5330,3964,5352,ventral
demo_image,demo_image.tif,right,CPu_R,1576,5623.268714011517,3952.6142034548943,521,3941,5607,3965,5640,ventral
demo_image,demo_image.tif,right,CPu_R,1579,5332.858695652174,3967.244565217391,552,3950,5321,3983,5346,ventral
demo_image,demo_image.tif,right,CPu_R,1580,5733.282186948853,3967.4338624338625,567,3951,5721,3985,5746,ventral
demo_image,demo_image.tif,right,CPu_R,1581,4973.0,3963.9796380090497,442,3953,4957,3977,4989,ventral
demo_image,demo_image.tif,right,CPu_R,1582,5627.943609022556,3973.8872180451126,798,3953,5607,3990,5647,ventral
demo_image,demo_image.tif,right,CPu_R,1583,5771.901798063624,3974.7842323651457,723,3954,5762,3997,5783,ventral
demo_image,demo_image.tif,right,CPu_R,1584,5526.564159292036,3971.6924778761063,452,3955,5517,3990,5535,ventral
demo_image,demo_image.tif,right,CPu_R,1586,5549.90273556231,3971.133738601824,329,3956,5542,3986,5559,ventral
demo_image,demo_image.tif,right,CPu_R,1587,5656.749652294854,3974.367176634214,719,3956,5643,3994,5672,ventral
demo_image,demo_image.tif,right,CPu_R,1588,5538.882978723404,3973.627659574468,282,3959,5534,3988,5546,ventral
demo_image,demo_image.tif,right,CPu_R,1590,5441.685185185185,3970.385802469136,324,3961,5432,3981,5453,ventral
demo_image,demo_image.tif,right,CPu_R,1593,5404.410828025478,3974.6624203821657,314,3964,5396,3986,5414,ventral
demo_image,demo_image.tif,right,CPu_R,1595,5687.12,3975.714285714286,175,3968,5679,3983,5696,ventral
demo_image,demo_image.tif,right,CPu_R,1596,5794.488461538462,3990.1846153846154,520,3969,5788,4010,5804,ventral
demo_image,demo_image.tif,right,CPu_R,1597,5045.403780068728,3986.4192439862545,582,3970,5030,4005,5061,ventral
demo_image,demo_image.tif,right,CPu_R,1598,5703.65625,3980.234375,192,3974,5694,3988,5713,ventral
demo_image,demo_image.tif,right,CPu_R,1600,5211.042148760331,4006.719008264463,1210,3975,5194,4035,5231,ventral
demo_image,demo_image.tif,right,CPu_R,1604,5983.813063063063,3993.135135135135,444,3980,5971,4007,5997,dorsal
demo_image,demo_image.tif,right,CPu_R,1605,5680.93842364532,3997.620689655173,406,3984,5669,4012,5693,ventral
demo_image,demo_image.tif,right,CPu_R,1606,5957.048275862069,3993.886206896552,290,3984,5948,4006,5967,dorsal
demo_image,demo_image.tif,right,CPu_R,1607,5098.734375,4006.465277777778,576,3990,5088,4023,5112,ventral
demo_image,demo_image.tif,right,CPu_R,1609,5860.2884990253415,4009.1364522417152,513,3991,5851,4027,5870,ventral
demo_image,demo_image.tif,right,CPu_R,1610,5408.098870056498,4008.1949152542375,354,3993,5401,4025,5416,ventral
demo_image,demo_image.tif,right,CPu_R,1611,5622.743764172335,4009.514739229025,441,3995,5613,4024,5635,ventral
demo_image,demo_image.tif,right,CPu_R,1613,4755.89364844904,4017.121122599704,677,3999,4743,4037,4770,ventral
demo_image,demo_image.tif,right,CPu_R,1615,5569.233278955954,4017.502446982055,613,4001,5557,4040,5585,ventral
demo_image,demo_image.tif,right,CPu_R,1616,5730.817785527463,4021.5457715780294,1147,4003,5712,4044,5750,ventral
demo_image,demo_image.tif,right,CPu_R,1617,5948.724444444444,4017.222222222222,450,4004,5937,4031,5961,dorsal
demo_image,demo_image.tif,right,CPu_R,1618,4910.868891537545,4052.161303138658,2517,4005,4886,4095,4940,ventral
demo_image,demo_image.tif,right,CPu_R,1619,5828.636697247706,4025.8348623853217,545,4006,5820,4048,5837,ventral
demo_image,demo_image.tif,right,CPu_R,1621,5552.8983050847455,4028.939907550077,649,4007,5542,4049,5566,ventral
demo_image,demo_image.tif,right,CPu_R,1622,4863.017877094972,4035.4234636871506,895,4008,4849,4062,4879,ventral
demo_image,demo_image.tif,right,CPu_R,1624,5248.300929235168,4039.315225160829,1399,4009,5229,4070,5268,ventral
demo_image,demo_image.tif,right,CPu_R,1628,5913.587167854828,4040.040829552819,1543,4016,5892,4063,5935,ventral
demo_image,demo_image.tif,right,CPu_R,1629,5110.984455958549,4032.010362694301,579,4018,5093,4050,5125,ventral
demo_image,demo_image.tif,right,CPu_R,1631,5667.637450199203,4035.139442231076,502,4022,5656,4049,5680,ventral
demo_image,demo_image.tif,right,CPu_R,1633,5135.320325203252,4040.8113821138218,615,4025,5123,4056,5150,ventral
demo_image,demo_image.tif,right,CPu_R,1634,4948.134138588684,4056.03305785124,1573,4026,4925,4086,4976,ventral
demo_image,demo_image.tif,right,CPu_R,1639,5592.202623906705,4053.561224489796,686,4039,5576,4072,5608,ventral
demo_image,demo_image.tif,right,CPu_R,1641,5810.282352941176,4053.676470588235,340,4043,5800,4066,5823,ventral
demo_image,demo_image.tif,right,CPu_R,1644,5832.822335025381,4059.733502538071,394,4046,5823,4077,5842,ventral
demo_image,demo_image.tif,right,CPu_R,1645,5667.860544217687,4056.19387755102,294,4048,5658,4067,5678,ventral
demo_image,demo_image.tif,right,CPu_R,1647,4856.265656565656,4075.6545454545458,990,4050,4840,4102,4873,ventral
demo_image,demo_image.tif,right,CPu_R,1649,4637.239506172839,4075.946913580247,810,4052,4626,4099,4650,ventral
demo_image,demo_image.tif,right,CPu_R,1650,5813.619745845553,4090.3958944281526,1023,4053,5797,4124,5832,ventral
demo_image,demo_image.tif,right,CPu_R,1654,5473.355353075171,4071.943052391799,439,4055,5463,4088,5485,ventral
demo_image,demo_image.tif,right,CPu_R,1655,5578.868686868687,4069.10101010101,495,4055,5568,4084,5592,ventral
demo_image,demo_image.tif,right,CPu_R,1656,4718.512773722628,4067.830291970803,548,4056,4703,4080,4735,ventral
demo_image,demo_image.tif,right,CPu_R,1657,4792.558732131759,4089.3238036047233,1609,4060,4774,4122,4811,ventral
demo_image,demo_image.tif,right,CPu_R,1658,5088.019801980198,4083.3254950495048,1616,4064,5057,4107,5117,ventral
demo_image,demo_image.tif,right,CPu_R,1659,5670.708333333333,4088.2580128205127,624,4065,5662,4108,5682,ventral
demo_image,demo_image.tif,right,CPu_R,1660,5262.157853196527,4089.164167324389,1267,4066,5243,4112,5282,ventral
demo_image,demo_image.tif,right,CPu_R,1662,5008.6253443526175,4085.4462809917354,726,4067,4995,4108,5022,ventral
demo_image,demo_image.tif,right,CPu_R,1664,5554.519495412844,4093.2608944954127,1744,4068,5532,4120,5580,ventral
demo_image,demo_image.tif,right,CPu_R,1665,4658.282247765006,4091.8135376756063,783,4069,4648,4116,4670,ventral
demo_image,demo_image.tif,right,CPu_R,1666,4964.901201602136,4103.780373831775,1498,4070,4938,4133,4993,ventral
demo_image,demo_image.tif,right,CPu_R,1667,5899.5098468271335,4081.875273522976,457,4070,5889,4095,5912,ventral
demo_image,demo_image.tif,right,CPu_R,1671,5055.089552238806,4100.85671641791,670,4088,5038,4116,5072,ventral
demo_image,demo_image.tif,right,CPu_R,1672,5127.187839305103,4108.43539630836,921,4088,5109,4128,5146,ventral
demo_image,demo_image.tif,right,CPu_R,1673,5000.829665851671,4114.280358598207,1227,4089,4982,4139,5019,ventral
demo_image,demo_image.tif,right,CPu_R,1674,4942.723018147087,4113.688634192932,1047,4090,4925,4138,4962,ventral
demo_image,demo_image.tif,right,CPu_R,1675,5352.388366124893,4118.491873396065,1169,4090,5336,4155,5368,ventral
demo_image,demo_image.tif,right,CPu_R,1679,5833.173116089613,4108.645621181263,491,4096,5819,4122,5848,ventral
demo_image,demo_image.tif,right,CPu_R,1681,5493.209893048128,4126.5895721925135,1496,4102,5473,4152,5515,ventral
demo_image,demo_image.tif,right,CPu_R,1686,4628.37365269461,4132.258682634731,835,4106,4619,4160,4640,ventral
demo_image,demo_image.tif,right,CPu_R,1691,5735.363184079602,4119.3034825870645,201,4111,5728,4128,5744,ventral
demo_image,demo_image.tif,right,CPu_R,1695,4753.859504132231,4135.866391184573,726,4117,4740,4156,4770,ventral
demo_image,demo_image.tif,right,CPu_R,1697,4800.882743362832,4143.46128318584,904,4118,4788,4179,4814,ventral
demo_image,demo_image.tif,right,CPu_R,1699,5072.110416666666,4130.125,480,4119,5055,4143,5089,ventral
demo_image,demo_image.tif,right,CPu_R,1700,5772.408602150537,4131.677419354839,279,4122,5762,4142,5783,ventral
demo_image,demo_image.tif,right,CPu_R,1701,4984.929398148148,4144.395833333333,864,4124,4961,4166,5004,ventral
demo_image,demo_image.tif,right,CPu_R,1702,5692.606060606061,4129.174242424242,132,4124,5685,4136,5702,ventral
demo_image,demo_image.tif,right,CPu_R,1705,5820.816666666667,4141.395833333333,480,4126,5811,4159,5832,ventral
demo_image,demo_image.tif,right,CPu_R,1706,5381.302555168409,4154.613240418118,1722,4127,5362,4185,5400,ventral
demo_image,demo_image.tif,right,CPu_R,1708,4879.005747126437,4155.156130268199,1044,4130,4863,4177,4897,ventral
demo_image,demo_image.tif,right,CPu_R,1709,5695.3576642335765,4139.116788321168,274,4130,5684,4148,5708,ventral
demo_image,demo_image.tif,right,CPu_R,1710,5334.702564102564,4146.866666666667,585,4131,5323,4165,5346,ventral
demo_image,demo_image.tif,right,CPu_R,1711,4648.241590214067,4150.373088685015,654,4132,4636,4169,4664,ventral
demo_image,demo_image.tif,right,CPu_R,1712,4968.578884934756,4153.457888493475,843,4132,4948,4172,4993,ventral
demo_image,demo_image.tif,right,CPu_R,1713,5110.055708390647,4154.441540577716,1454,4132,5087,4177,5134,ventral
demo_image,demo_image.tif,right,CPu_R,1718,4830.244680851064,4167.738031914893,752,4146,4816,4190,4846,ventral
demo_image,demo_image.tif,right,CPu_R,1719,4907.75763546798,4171.384236453202,1015,4146,4893,4198,4924,ventral
demo_image,demo_image.tif,right,CPu_R,1720,4773.390946502058,4163.199588477366,486,4147,4763,4179,4784,ventral
demo_image,demo_image.tif,right,CPu_R,1724,4664.445101351352,4179.930743243243,1184,4157,4643,4206,4684,ventral
demo_image,demo_image.tif,right,CPu_R,1727,5537.021812080537,4176.095637583892,596,4160,5524,4194,5551,ventral
demo_image,demo_image.tif,right,CPu_R,1731,5066.896125309151,4190.300082440231,1213,4165,5049,4219,5086,ventral
demo_image,demo_image.tif,right,CPu_R,1732,5424.389483933788,4189.079844206426,1027,4165,5412,4214,5439,ventral
demo_image,demo_image.tif,right,CPu_R,1735,5912.0402414486925,4183.199195171026,497,4169,5902,4199,5923,ventral
demo_image,demo_image.tif,right,CPu_R,1739,4825.057573680603,4204.307059629883,1459,4173,4806,4237,4843,ventral
demo_image,demo_image.tif,right,CPu_R,1740,4892.663799843628,4197.725566849101,1279,4173,4869,4226,4913,ventral
demo_image,demo_image.tif,right,CPu_R,1742,5805.195209580838,4199.197604790419,835,4174,5796,4228,5817,ventral
demo_image,demo_image.tif,right,CPu_R,1744,4721.205748865355,4192.459909228442,661,4176,4708,4209,4734,ventral
demo_image,demo_image.tif,right,CPu_R,1747,4775.755060728745,4204.866396761134,988,4178,4765,4231,4788,ventral
demo_image,demo_image.tif,right,CPu_R,1750,5648.456818181819,4197.746590909091,880,4181,5627,4217,5671,ventral
demo_image,demo_image.tif,right,CPu_R,1755,4647.426315789474,4207.932456140351,1140,4185,4629,4231,4665,ventral
demo_image,demo_image.tif,right,CPu_R,1757,4696.386276021588,4211.883577486507,1297,4190,4673,4236,4718,ventral
demo_image,demo_image.tif,right,CPu_R,1758,5597.028169014085,4200.687323943662,355,4190,5587,4212,5608,ventral
demo_image,demo_image.tif,right,CPu_R,1761,4994.709216101695,4224.168961864407,1888,4194,4972,4257,5020,ventral
demo_image,demo_image.tif,right,CPu_R,1765,5091.043010752688,4210.513440860215,372,4198,5082,4224,5101,ventral
demo_image,demo_image.tif,right,CPu_R,1766,5887.341603053435,4213.143129770992,524,4198,5876,4229,5899,ventral
demo_image,demo_image.tif,right,CPu_R,1771,5700.75,4221.841346153846,624,4207,5687,4237,5715,ventral
demo_image,demo_image.tif,right,CPu_R,1772,5782.7,4215.138888888889,180,4207,5775,4225,5790,ventral
demo_image,demo_image.tif,right,CPu_R,1778,5645.902887139107,4226.685039370079,381,4217,5635,4240,5658,ventral
demo_image,demo_image.tif,right,CPu_R,1779,5777.627705627706,4232.214285714285,462,4218,5767,4249,5789,ventral
demo_image,demo_image.tif,right,CPu_R,1780,4750.76064333018,4241.121097445601,1057,4220,4734,4262,4768,ventral
demo_image,demo_image.tif,right,CPu_R,1781,5804.177285318559,4241.209141274238,722,4220,5792,4260,5816,ventral
demo_image,demo_image.tif,right,CPu_R,1783,5128.700483091788,4231.101449275362,207,4224,5121,4239,5138,ventral
demo_image,demo_image.tif,right,CPu_R,1784,5091.775411423039,4250.424007744434,1033,4225,5077,4277,5110,ventral
demo_image,demo_image.tif,right,CPu_R,1785,4808.595270577535,4270.6252842201,2199,4228,4790,4306,4835,ventral
demo_image,demo_image.tif,right,CPu_R,1787,4943.786279683377,4258.982409850484,1137,4229,4929,4287,4960,ventral
demo_image,demo_image.tif,right,CPu_R,1793,5634.501748251748,4249.314685314685,572,4234,5620,4263,5648,ventral
demo_image,demo_image.tif,right,CPu_R,1795,4846.553280595625,4268.558864588181,2149,4235,4825,4306,4866,ventral
demo_image,demo_image.tif,right,CPu_R,1796,5126.585247883918,4258.355501813785,827,4235,5106,4287,5146,ventral
demo_image,demo_image.tif,right,CPu_R,1799,4973.676545300593,4262.6367485182045,1181,4239,4954,4288,4994,ventral
demo_image,demo_image.tif,right,CPu_R,1800,5061.472087378641,4262.234223300971,824,4239,5044,4286,5078,ventral
demo_image,demo_image.tif,right,CPu_R,1801,5202.749090909091,4252.72,275,4242,5195,4264,5212,ventral
demo_image,demo_image.tif,right,CPu_R,1802,5565.225563909775,4262.238095238095,798,4246,5550,4280,5582,ventral
demo_image,demo_image.tif,right,CPu_R,1803,5021.098296199214,4268.0091743119265,763,4247,5004,4290,5037,ventral
demo_image,demo_image.tif,right,CPu_R,1804,5483.253676470588,4258.297794117647,272,4247,5476,4271,5491,ventral
demo_image,demo_image.tif,right,CPu_R,1805,5431.041727672035,4275.07467057101,1366,4248,5414,4301,5449,ventral
demo_image,demo_image.tif,right,CPu_R,1806,5769.198564593302,4261.667464114833,418,4249,5759,4275,5780,ventral
demo_image,demo_image.tif,right,CPu_R,1807,5392.003424657534,4259.520547945205,292,4251,5381,4270,5403,ventral
demo_image,demo_image.tif,right,CPu_R,1808,5659.651869158878,4265.539719626168,428,4251,5647,4280,5672,ventral
demo_image,demo_image.tif,right,CPu_R,1810,5630.57905982906,4269.880341880342,468,4259,5616,4281,5646,ventral
demo_image,demo_image.tif,right,CPu_R,1811,4712.159362549801,4284.254980079681,1255,4263,4694,4309,4730,ventral
demo_image,demo_image.tif,right,CPu_R,1812,5388.605670103093,4275.832474226804,388,4263,5379,4289,5400,ventral
demo_image,demo_image.tif,right,CPu_R,1813,5849.131468531468,4280.144055944056,715,4265,5832,4298,5865,ventral
demo_image,demo_image.tif,right,CPu_R,1816,5475.581967213115,4276.918032786885,244,4269,5466,4286,5486,ventral
demo_image,demo_image.tif,right,CPu_R,1821,5575.712676056338,4286.656338028169,355,4275,5562,4300,5587,ventral
demo_image,demo_image.tif,right,CPu_R,1823,4912.329333333333,4309.556666666666,1500,4276,4899,4345,4928,ventral
demo_image,demo_image.tif,right,CPu_R,1826,5804.047619047619,4297.663382594417,609,4283,5792,4313,5818,ventral
demo_image,demo_image.tif,right,CPu_R,1828,4747.846303501946,4308.093385214008,1542,4286,4722,4331,4773,ventral
demo_image,demo_image.tif,right,CPu_R,1829,5340.919230769231,4296.8961538461535,260,4287,5333,4308,5350,ventral
demo_image,demo_image.tif,right,CPu_R,1832,5101.972789115646,4303.517006802721,588,4289,5087,4324,5114,ventral
demo_image,demo_image.tif,right,CPu_R,1833,5637.118374558304,4304.685512367491,566,4289,5625,4323,5650,ventral
demo_image,demo_image.tif,right,CPu_R,1836,5399.548494983278,4301.9264214046825,299,4292,5391,4314,5410,ventral
demo_image,demo_image.tif,right,CPu_R,1837,5036.461176470588,4306.065882352941,425,4294,5025,4319,5049,ventral
demo_image,demo_image.tif,right,CPu_R,1840,5573.5034965034965,4306.4125874125875,286,4296,5564,4318,5584,ventral
demo_image,demo_image.tif,right,CPu_R,1843,5516.534965034965,4316.241258741259,286,4304,5510,4329,5525,ventral
demo_image,demo_image.tif,right,CPu_R,1845,4948.897959183673,4317.142857142857,294,4306,4941,4329,4958,ventral
demo_image,demo_image.tif,right,CPu_R,1846,5308.978388998035,4319.707269155207,509,4306,5297,4334,5322,ventral
demo_image,demo_image.tif,right,CPu_R,1847,5455.1144859813085,4315.862149532711,428,4307,5441,4326,5470,ventral
demo_image,demo_image.tif,right,CPu_R,1849,5166.578010471204,4328.706806282723,955,4309,5149,4349,5184,ventral
demo_image,demo_image.tif,right,CPu_R,1850,5417.086021505376,4320.4946236559135,372,4309,5407,4333,5428,ventral
demo_image,demo_image.tif,right,CPu_R,1851,5493.316,4319.376,250,4309,5486,4330,5501,ventral
demo_image,demo_image.tif,right,CPu_R,1854,5334.948795180723,4331.373493975903,996,4313,5315,4351,5352,ventral
demo_image,demo_image.tif,right,CPu_R,1860,5783.759375,4327.071875,320,4318,5773,4337,5796,ventral
demo_image,demo_image.tif,right,CPu_R,1862,4805.571080422421,4341.8740861088545,1231,4321,4785,4362,4828,ventral
demo_image,demo_image.tif,right,CPu_R,1863,5188.450980392156,4330.411764705882,255,4321,5180,4341,5198,ventral
demo_image,demo_image.tif,right,CPu_R,1864,5058.531944444445,4339.555555555556,720,4323,5046,4357,5072,ventral
demo_image,demo_image.tif,right,CPu_R,1866,5557.491446345257,4341.155520995334,643,4328,5541,4356,5573,ventral
demo_image,demo_image.tif,right,CPu_R,1867,4990.001745200698,4344.261780104712,573,4330,4977,4360,5003,ventral
demo_image,demo_image.tif,right,CPu_R,1868,4854.562172774869,4353.4116492146595,1528,4331,4835,4379,4877,ventral
demo_image,demo_image.tif,right,CPu_R,1871,5327.213622291021,4355.504643962849,646,4338,5310,4378,5343,ventral
demo_image,demo_image.tif,right,CPu_R,1872,5703.0,4351.574912891986,574,4340,5688,4364,5721,ventral
demo_image,demo_image.tif,right,CPu_R,1874,5244.830250272034,4361.837867247008,919,4342,5228,4385,5264,ventral
demo_image,demo_image.tif,right,CPu_R,1875,5269.392670157068,4350.612565445026,191,4343,5262,4360,5278,ventral
demo_image,demo_image.tif,right,CPu_R,1876,5351.314207650274,4370.68306010929,732,4344,5342,4395,5364,ventral
demo_image,demo_image.tif,right,CPu_R,1877,5588.794836956522,4362.697010869565,736,4344,5574,4381,5603,ventral
demo_image,demo_image.tif,right,CPu_R,1878,5804.425,4363.843333333333,600,4345,5795,4383,5816,ventral
demo_image,demo_image.tif,right,CPu_R,1879,4975.914209115282,4359.69436997319,373,4347,4966,4371,4988,ventral
demo_image,demo_image.tif,right,CPu_R,1881,5092.907407407408,4357.574074074074,162,4351,5086,4366,5101,ventral
demo_image,demo_image.tif,right,CPu_R,1882,5165.711538461538,4362.571428571428,364,4351,5157,4375,5176,ventral
demo_image,demo_image.tif,right,CPu_R,1884,5674.370036101083,4369.220216606498,554,4353,5661,4386,5689,ventral
demo_image,demo_image.tif,right,CPu_R,1886,5263.801346801347,4366.127946127946,297,4356,5253,4378,5276,ventral
demo_image,demo_image.tif,right,CPu_R,1888,5418.467091295117,4369.367303609341,471,4357,5406,4384,5430,ventral
demo_image,demo_image.tif,right,CPu_R,1889,5434.06875,4363.1625,160,4357,5428,4371,5442,ventral
demo_image,demo_image.tif,right,CPu_R,1891,4896.731632653061,4382.563265306122,980,4362,4877,4402,4915,ventral
demo_image,demo_image.tif,right,CPu_R,1893,5271.185185185185,4376.074074074074,216,4368,5259,4383,5281,ventral
demo_image,demo_image.tif,right,CPu_R,1894,5213.2265625,4377.83984375,256,4369,5204,4388,5223,ventral
demo_image,demo_image.tif,right,CPu_R,1895,5533.144876325088,4379.689045936396,283,4371,5523,4389,5544,ventral
demo_image,demo_image.tif,right,CPu_R,1897,5774.239776951673,4388.063197026022,538,4372,5762,4406,5787,ventral
demo_image,demo_image.tif,right,CPu_R,1900,5813.992163009404,4390.909090909091,638,4375,5799,4408,5828,ventral
demo_image,demo_image.tif,right,CPu_R,1901,5366.055813953489,4386.958139534884,215,4377,5360,4398,5373,ventral
demo_image,demo_image.tif,right,CPu_R,1907,5333.772020725389,4392.79792746114,193,4384,5327,4402,5341,ventral
demo_image,demo_image.tif,right,CPu_R,1908,5008.213808463252,4401.317371937639,898,4385,4989,4420,5028,ventral
demo_image,demo_image.tif,right,CPu_R,1909,5106.5585858585855,4417.875252525252,1980,4386,5083,4445,5129,ventral
demo_image,demo_image.tif,right,CPu_R,1910,5242.419947506562,4400.351706036746,381,4386,5234,4416,5252,ventral
demo_image,demo_image.tif,right,CPu_R,1912,4944.713280562884,4411.074758135444,1137,4391,4923,4431,4967,ventral
demo_image,demo_image.tif,right,CPu_R,1913,5704.324812030075,4408.446616541353,665,4391,5691,4429,5717,ventral
demo_image,demo_image.tif,right,CPu_R,1915,5260.884074941452,4409.956674473068,854,4392,5245,4429,5276,ventral
demo_image,demo_image.tif,right,CPu_R,1917,5194.777443609022,4406.118796992481,665,4393,5177,4423,5210,ventral
demo_image,demo_image.tif,right,CPu_R,1920,5076.567335243553,4412.141833810888,698,4395,5064,4431,5091,ventral
demo_image,demo_image.tif,right,CPu_R,1922,5303.584415584415,4409.227272727273,616,4396,5290,4423,5319,ventral
demo_image,demo_image.tif,right,CPu_R,1923,5556.452138492872,4407.409368635438,491,4396,5543,4420,5571,ventral
demo_image,demo_image.tif,right,CPu_R,1924,5774.385120350109,4411.369803063458,457,4396,5763,4426,5786,ventral
demo_image,demo_image.tif,right,CPu_R,1926,5631.219152854512,4423.154696132597,1086,4400,5614,4454,5648,ventral
demo_image,demo_image.tif,right,CPu_R,1927,5046.718518518518,4408.9111111111115,270,4401,5037,4418,5057,ventral
demo_image,demo_image.tif,right,CPu_R,1928,5443.822608695652,4418.883478260869,575,4405,5429,4434,5457,ventral
demo_image,demo_image.tif,right,CPu_R,1929,5176.757225433526,4421.728323699422,519,4406,5165,4435,5192,ventral
demo_image,demo_image.tif,right,CPu_R,1932,4962.101800124146,4438.075108628182,1611,4413,4940,4462,4985,ventral
demo_image,demo_image.tif,right,CPu_R,1933,5744.003125,4429.2703125,640,4413,5732,4448,5756,ventral
demo_image,demo_image.tif,right,CPu_R,1936,5574.465982028241,4437.548138639281,779,4414,5563,4462,5586,ventral
demo_image,demo_image.tif,right,CPu_R,1937,5599.392354124749,4424.086519114688,497,4414,5584,4434,5615,ventral
demo_image,demo_image.tif,right,CPu_R,1938,5658.808924485126,4440.003432494279,874,4414,5648,4462,5674,ventral
demo_image,demo_image.tif,right,CPu_R,1940,4991.1827731092435,4430.834033613445,476,4417,4981,4444,5003,ventral
demo_image,demo_image.tif,right,CPu_R,1941,5474.903381642512,4425.212560386473,207,4418,5467,4433,5484,ventral
demo_image,demo_image.tif,right,CPu_R,1942,5218.3961538461535,4426.742307692308,260,4419,5209,4435,5229,ventral
demo_image,demo_image.tif,right,CPu_R,1943,5419.842465753424,4429.184931506849,292,4419,5411,4439,5430,ventral
demo_image,demo_image.tif,right,CPu_R,1944,5548.844580777096,4435.926380368098,489,4419,5539,4455,5558,ventral
demo_image,demo_image.tif,right,CPu_R,1949,5058.214285714285,4445.607142857143,476,4430,5047,4462,5070,ventral
demo_image,demo_image.tif,right,CPu_R,1952,5210.159851301115,4443.5241635687735,269,4435,5200,4452,5221,ventral
demo_image,demo_image.tif,right,CPu_R,1953,5263.76329787234,4446.56914893617,376,4435,5255,4460,5274,ventral
demo_image,demo_image.tif,right,CPu_R,1954,5402.373983739837,4452.686178861789,615,4436,5389,4468,5421,ventral
demo_image,demo_image.tif,right,CPu_R,1956,4991.8845208845205,4456.4766584766585,814,4442,4972,4472,5010,ventral
demo_image,demo_image.tif,right,CPu_R,1957,5106.196202531645,4470.787447257384,1896,4442,5086,4506,5131,ventral
demo_image,demo_image.tif,right,CPu_R,1960,5082.691823899371,4459.198113207547,318,4447,5074,4474,5091,ventral
demo_image,demo_image.tif,right,CPu_R,1964,5455.510028653295,4463.7277936962755,349,4451,5448,4477,5464,ventral
demo_image,demo_image.tif,right,CPu_R,1965,5567.722891566265,4465.183734939759,332,4451,5560,4479,5577,ventral
demo_image,demo_image.tif,right,CPu_R,1970,5440.623036649215,4467.164921465968,382,4454,5432,4481,5449,ventral
demo_image,demo_image.tif,right,CPu_R,1973,5052.704502814259,4480.971857410882,1066,4456,5033,4503,5074,ventral
demo_image,demo_image.tif,right,CPu_R,1982,5231.795871559633,4472.802752293578,436,4461,5221,4486,5244,ventral
demo_image,demo_image.tif,right,CPu_R,1984,5012.854308093994,4487.021409921671,1915,4463,4988,4512,5042,ventral
demo_image,demo_image.tif,right,CPu_R,1985,5637.4813895781635,4483.465260545906,806,4464,5624,4505,5651,ventral
demo_image,demo_image.tif,right,CPu_R,1986,5536.884615384615,4474.133484162896,442,4465,5522,4485,5552,ventral
demo_image,demo_image.tif,right,CPu_R,1989,5502.091787439614,4473.111111111111,207,4467,5493,4481,5513,ventral
demo_image,demo_image.tif,right,CPu_R,1990,5076.51867219917,4488.384508990318,723,4469,5060,4511,5089,ventral
demo_image,demo_image.tif,right,CPu_R,1991,5267.896725440806,4480.030226700252,397,4469,5255,4493,5280,ventral
demo_image,demo_image.tif,right,CPu_R,1992,5321.663636363636,4483.690909090909,550,4469,5310,4499,5334,ventral
demo_image,demo_image.tif,right,CPu_R,1996,5253.681632653062,4488.695918367347,490,4475,5240,4504,5267,ventral
demo_image,demo_image.tif,right,CPu_R,1998,5434.049833887043,4489.611295681063,301,4479,5425,4504,5445,ventral
demo_image,demo_image.tif,right,CPu_R,2004,5714.749642346209,4507.038626609442,699,4491,5697,4525,5733,ventral
demo_image,demo_image.tif,right,CPu_R,2005,5126.596885813149,4507.731833910035,578,4494,5113,4522,5142,ventral
demo_image,demo_image.tif,right,CPu_R,2007,5363.590316573557,4505.610800744879,537,4495,5347,4519,5381,ventral
demo_image,demo_image.tif,right,CPu_R,2009,5551.275362318841,4521.530961791831,759,4496,5541,4544,5564,ventral
demo_image,demo_image.tif,right,CPu_R,2010,5059.248347497639,4512.429650613786,1059,4497,5037,4530,5085,ventral
demo_image,demo_image.tif,right,CPu_R,2014,5248.063909774436,4518.06015037594,266,4508,5240,4529,5257,ventral
demo_image,demo_image.tif,right,CPu_R,2017,5654.968377088306,4543.0035799522675,1676,4510,5635,4568,5678,ventral
demo_image,demo_image.tif,right,CPu_R,2020,5182.754545454545,4524.34,550,4512,5168,4537,5197,ventral
demo_image,demo_image.tif,right,CPu_R,2022,5363.083445491252,4533.173620457605,743,4513,5353,4554,5376,ventral
demo_image,demo_image.tif,right,CPu_R,2025,5076.76138952164,4544.243166287016,1756,4521,5052,4571,5105,ventral
demo_image,demo_image.tif,right,CPu_R,2027,5235.767818574514,4546.644708423326,926,4523,5222,4570,5249,ventral
demo_image,demo_image.tif,right,CPu_R,2028,5325.5390625,4536.9921875,512,4523,5313,4551,5338,ventral
demo_image,demo_image.tif,right,CPu_R,2030,5254.5257142857145,4545.988571428571,525,4528,5247,4567,5266,ventral
demo_image,demo_image.tif,right,CPu_R,2032,5536.6798732171155,4549.0,631,4529,5528,4572,5548,ventral
demo_image,demo_image.tif,right,CPu_R,2033,5166.172277227723,4548.843564356435,505,4530,5154,4564,5179,ventral
demo_image,demo_image.tif,right,CPu_R,2036,5289.542682926829,4550.370426829269,656,4532,5280,4571,5302,ventral
demo_image,demo_image.tif,right,CPu_R,2041,5207.9721854304635,4558.780132450331,755,4543,5195,4577,5223,ventral
demo_image,demo_image.tif,right,CPu_R,2042,5552.341211225997,4562.618906942393,677,4543,5537,4580,5565,ventral
demo_image,demo_image.tif,right,CPu_R,2044,5307.267676767677,4563.136363636364,594,4546,5295,4581,5319,ventral
demo_image,demo_image.tif,right,CPu_R,2046,5332.719912472648,4566.027352297593,914,4547,5318,4588,5348,ventral
demo_image,demo_image.tif,right,CPu_R,2047,5430.635634028892,4565.365971107544,623,4547,5413,4584,5449,ventral
demo_image,demo_image.tif,right,CPu_R,2048,5502.457142857143,4561.863157894737,665,4547,5487,4579,5517,ventral
demo_image,demo_image.tif,right,CPu_R,2053,5267.475138121547,4565.776243093923,362,4554,5258,4578,5278,ventral
demo_image,demo_image.tif,right,CPu_R,2054,5175.124401913876,4563.794258373206,209,4556,5162,4571,5186,ventral
demo_image,demo_image.tif,right,CPu_R,2058,5232.455696202532,4579.0582278481015,395,4565,5224,4594,5242,ventral
demo_image,demo_image.tif,right,CPu_R,2063,5249.884615384615,4583.786057692308,416,4571,5240,4597,5260,ventral
demo_image,demo_image.tif,right,CPu_R,2064,5166.628099173554,4586.264462809917,605,4573,5150,4599,5182,ventral
demo_image,demo_image.tif,right,CPu_R,2065,5456.370018975332,4584.586337760911,527,4573,5441,4599,5470,ventral
demo_image,demo_image.tif,right,CPu_R,2067,5317.3136,4591.432,625,4575,5304,4611,5331,ventral
demo_image,demo_image.tif,right,CPu_R,2074,5362.9154676258995,4598.982014388489,556,4584,5351,4615,5376,ventral
demo_image,demo_image.tif,right,CPu_R,2076,5334.22380952381,4601.75,420,4587,5325,4617,5343,ventral
demo_image,demo_image.tif,right,CPu_R,2089,5293.132581100141,4620.811001410437,709,4603,5280,4640,5306,ventral
demo_image,demo_image.tif,left,CPu_L,87,2634.524643021649,2062.587517273146,4342,2025,2600,2115,2687,dorsal
demo_image,demo_image.tif,left,CPu_L,92,2693.395216400911,2064.0398633257405,1756,2033,2677,2101,2716,dorsal
demo_image,demo_image.tif,left,CPu_L,97,2762.2651043573783,2102.124313438301,5462,2046,2728,2157,2802,dorsal
demo_image,demo_image.tif,left,CPu_L,99,2658.278520849725,2115.420666142146,3813,2047,2632,2171,2680,dorsal
demo_image,demo_image.tif,left,CPu_L,102,2576.564506713368,2083.8803269118507,1713,2050,2560,2116,2595,dorsal
demo_image,demo_image.tif,left,CPu_L,110,2825.289972432805,2149.3573397656787,5804,2077,2794,2219,2854,dorsal
demo_image,demo_image.tif,left,CPu_L,113,2492.2808716707023,2121.1268765133173,2065,2090,2469,2156,2521,dorsal
demo_image,demo_image.tif,left,CPu_L,117,2410.69688221709,2120.863741339492,1732,2093,2392,2152,2431,dorsal
demo_image,demo_image.tif,left,CPu_L,121,2573.325719649562,2142.6652065081353,3196,2103,2542,2194,2621,dorsal
demo_image,demo_image.tif,left,CPu_L,124,2697.9942565411616,2151.2013401403956,3134,2108,2671,2198,2724,dorsal
demo_image,demo_image.tif,left,CPu_L,125,2359.2237575757576,2155.056484848485,4125,2109,2328,2207,2396,dorsal
demo_image,demo_image.tif,left,CPu_L,129,2516.1886462882094,2143.3572052401746,1145,2117,2502,2171,2533,dorsal
demo_image,demo_image.tif,left,CPu_L,134,2591.120541205412,2176.382533825338,3252,2121,2558,2221,2625,dorsal
demo_image,demo_image.tif,left,CPu_L,144,2203.108648413733,2163.913515862668,2301,2137,2177,2195,2235,dorsal
demo_image,demo_image.tif,left,CPu_L,145,2145.0222822417286,2189.682196713932,4443,2138,2115,2249,2183,dorsal
demo_image,demo_image.tif,left,CPu_L,147,2532.4004934210525,2173.9868421052633,1216,2144,2517,2201,2548,dorsal
demo_image,demo_image.tif,left,CPu_L,152,2432.9248721227623,2199.714514066496,3128,2151,2413,2249,2456,dorsal
demo_image,demo_image.tif,left,CPu_L,155,2383.86370297997,2191.57156814851,2047,2159,2354,2224,2414,dorsal
demo_image,demo_image.tif,left,CPu_L,156,2470.587945879459,2196.2865928659285,2439,2162,2451,2239,2497,dorsal
demo_image,demo_image.tif,left,CPu_L,157,2866.0493583415596,2194.1209279368213,2026,2164,2844,2221,2887,dorsal
demo_image,demo_image.tif,left,CPu_L,160,2507.739406779661,2205.8474576271187,1888,2170,2488,2237,2528,dorsal
demo_image,demo_image.tif,left,CPu_L,167,2230.883645063071,2223.147890387125,4598,2185,2194,2270,2279,dorsal
demo_image,demo_image.tif,left,CPu_L,168,2720.1826117318437,2218.1902932960893,2864,2185,2693,2259,2753,dorsal
demo_image,demo_image.tif,left,CPu_L,169,2779.359843546284,2225.5780095610603,2301,2186,2753,2263,2804,dorsal
demo_image,demo_image.tif,left,CPu_L,174,2017.5826235093696,2212.1371379897787,1174,2194,1999,2233,2040,dorsal
demo_image,demo_image.tif,left,CPu_L,177,2952.1018022406233,2247.7262542620556,2053,2200,2931,2291,2982,dorsal
demo_image,demo_image.tif,left,CPu_L,179,2157.9146782357193,2233.638467100506,1383,2204,2132,2260,2189,dorsal
demo_image,demo_image.tif,left,CPu_L,184,2563.845225027442,2240.2103915111597,2733,2209,2531,2270,2596,dorsal
demo_image,demo_image.tif,left,CPu_L,189,2284.3341960530574,2257.2093173730186,3091,2217,2254,2300,2315,dorsal
demo_image,demo_image.tif,left,CPu_L,191,2730.6247341233666,2273.0604679428743,3291,2222,2704,2321,2756,dorsal
demo_image,demo_image.tif,left,CPu_L,193,2172.602071005917,2273.834319526627,3380,2225,2145,2320,2200,dorsal
demo_image,demo_image.tif,left,CPu_L,200,2501.209100033456,2267.044831047173,2989,2231,2473,2308,2533,dorsal
demo_image,demo_image.tif,left,CPu_L,206,2444.174021352313,2270.724911032029,2810,2238,2413,2303,2474,dorsal
demo_image,demo_image.tif,left,CPu_L,209,2584.8710971068463,2291.1581208822686,3491,2241,2551,2350,2625,dorsal
demo_image,demo_image.tif,left,CPu_L,212,1955.094449418084,2280.088630259624,2234,2246,1933,2319,1982,dorsal
demo_image,demo_image.tif,left,CPu_L,217,2387.511608623549,2272.064676616915,1206,2249,2373,2297,2405,dorsal
demo_image,demo_image.tif,left,CPu_L,219,2770.4278036546043,2289.1920458616983,2791,2252,2740,2326,2797,dorsal
demo_image,demo_image.tif,left,CPu_L,220,2617.6473590767864,2306.525965379494,4506,2254,2577,2369,2655,dorsal
demo_image,demo_image.tif,left,CPu_L,225,1915.215805471125,2287.793313069909,1645,2263,1890,2313,1941,dorsal
demo_image,demo_image.tif,left,CPu_L,229,2283.3910283537875,2316.186627168853,2363,2273,2253,2361,2307,dorsal
demo_image,demo_image.tif,left,CPu_L,230,2200.0703669298655,2322.4294008360425,4306,2274,2164,2369,2232,dorsal
demo_image,demo_image.tif,left,CPu_L,238,1987.6060267857144,2307.6428571428573,896,2286,1976,2330,2001,dorsal
demo_image,demo_image.tif,left,CPu_L,239,2048.897435897436,2334.319139194139,2184,2286,2026,2371,2084,dorsal
demo_image,demo_image.tif,left,CPu_L,240,2815.028965785381,2341.428460342146,5144,2286,2786,2413,2849,dorsal
demo_image,demo_image.tif,left,CPu_L,249,2667.063565891473,2323.1441860465115,1290,2299,2648,2349,2686,dorsal
demo_image,demo_image.tif,left,CPu_L,251,2245.5595328763648,2352.6679360243716,3939,2300,2212,2403,2273,dorsal
demo_image,demo_image.tif,left,CPu_L,254,2112.8732522796354,2340.7130699088148,3290,2302,2086,2378,2139,dorsal
demo_image,demo_image.tif,left,CPu_L,255,2506.0335639251857,2338.811170894184,3903,2305,2471,2380,2543,dorsal
demo_image,demo_image.tif,left,CPu_L,258,2742.3735531392495,2345.49491406524,2851,2316,2711,2379,2779,dorsal
demo_image,demo_image.tif,left,CPu_L,263,1973.6023460410556,2357.41642228739,1705,2322,1954,2392,1991,dorsal
demo_image,demo_image.tif,left,CPu_L,269,1891.8378828229029,2371.8472037283623,3004,2328,1865,2423,1924,dorsal
demo_image,demo_image.tif,left,CPu_L,276,2670.837790288529,2372.692821956369,2842,2335,2647,2411,2696,dorsal
demo_image,demo_image.tif,left,CPu_L,278,2325.7378687731743,2387.395131388038,6203,2337,2279,2436,2377,dorsal
demo_image,demo_image.tif,left,CPu_L,283,2865.6674975074775,2396.6313559322034,8024,2342,2812,2465,2927,dorsal
demo_image,demo_image.tif,left,CPu_L,286,1838.3350066934404,2388.1074297188757,2988,2349,1815,2442,1866,dorsal
demo_image,demo_image.tif,left,CPu_L,288,2406.5392205229405,2373.930439072521,2027,2350,2381,2401,2435,dorsal
demo_image,demo_image.tif,left,CPu_L,290,2769.5351296043655,2412.830320600273,5864,2352,2729,2466,2811,dorsal
demo_image,demo_image.tif,left,CPu_L,293,2471.240293809024,2395.8884225253587,2859,2355,2444,2431,2499,dorsal
demo_image,demo_image.tif,left,CPu_L,295,2369.192820984814,2409.1969627243443,2173,2360,2346,2447,2393,dorsal
demo_image,demo_image.tif,left,CPu_L,296,2518.645358532518,2388.923290717065,1799,2362,2496,2415,2542,dorsal
demo_image,demo_image.tif,left,CPu_L,298,2204.376716670188,2417.712233255863,4733,2364,2164,2467,2250,dorsal
demo_image,demo_image.tif,left,CPu_L,299,2034.5339425587467,2385.8603133159268,766,2365,2025,2410,2049,dorsal
demo_image,demo_image.tif,left,CPu_L,303,2010.222421524664,2399.878923766816,1115,2370,1993,2427,2026,dorsal
demo_image,demo_image.tif,left,CPu_L,304,1945.376923076923,2405.818343195266,1690,2371,1928,2439,1966,dorsal
demo_image,demo_image.tif,left,CPu_L,307,1805.007153806847,2412.1159938681653,1957,2373,1789,2448,1823,dorsal
demo_image,demo_image.tif,left,CPu_L,309,2631.4946372239747,2405.6069400630913,1585,2374,2615,2437,2650,dorsal
demo_image,demo_image.tif,left,CPu_L,310,2101.3923841059604,2409.441225165563,2416,2375,2079,2449,2130,dorsal
demo_image,demo_image.tif,left,CPu_L,312,2701.6276083467096,2418.2082664526483,2492,2377,2679,2462,2721,dorsal
demo_image,demo_image.tif,left,CPu_L,313,2727.4231782265147,2406.844600526778,1139,2377,2717,2441,2745,dorsal
demo_image,demo_image.tif,left,CPu_L,316,2134.5116997792493,2416.162472406181,2265,2381,2108,2452,2158,dorsal
demo_image,demo_image.tif,left,CPu_L,318,2052.996127494787,2439.662496276437,3357,2387,2031,2494,2080,dorsal
demo_image,demo_image.tif,left,CPu_L,320,1855.5357728017475,2431.0638995084655,1831,2390,1832,2459,1875,dorsal
demo_image,demo_image.tif,left,CPu_L,336,2403.396897038082,2455.196332863188,3545,2415,2367,2512,2439,dorsal
demo_image,demo_image.tif,left,CPu_L,337,2531.394218346253,2467.471253229974,6192,2417,2468,2517,2573,dorsal
demo_image,demo_image.tif,left,CPu_L,343,2667.82208588957,2462.7394997640395,2119,2422,2643,2499,2689,dorsal
demo_image,demo_image.tif,left,CPu_L,346,1914.6173216329648,2460.38496756963,2621,2426,1892,2497,1940,dorsal
demo_image,demo_image.tif,left,CPu_L,347,2336.528314028314,2464.394465894466,3108,2426,2310,2506,2362,dorsal
demo_image,demo_image.tif,left,CPu_L,350,2153.986673500769,2463.6514607893387,1951,2429,2133,2495,2178,dorsal
demo_image,demo_image.tif,left,CPu_L,351,2863.971044467425,2482.3399320431377,6769,2429,2823,2533,2906,dorsal
demo_image,demo_image.tif,left,CPu_L,353,2249.4344894026976,2460.7817919075146,2076,2431,2224,2494,2276,dorsal
demo_image,demo_image.tif,left,CPu_L,355,2302.546765554182,2479.9884631231976,2427,2433,2285,2518,2329,dorsal
demo_image,demo_image.tif,left,CPu_L,360,1989.1661118508655,2491.401464713715,3004,2444,1953,2534,2026,dorsal
demo_image,demo_image.tif,left,CPu_L,362,2081.78852739726,2469.9366438356165,1168,2445,2065,2497,2100,dorsal
demo_image,demo_image.tif,left,CPu_L,364,2112.765573770492,2482.0639344262295,1830,2447,2080,2511,2141,dorsal
demo_image,demo_image.tif,left,CPu_L,368,1878.7846889952152,2479.665071770335,1463,2452,1861,2509,1897,dorsal
demo_image,demo_image.tif,left,CPu_L,369,2423.4373567608864,2487.229564553094,2618,2453,2384,2518,2465,dorsal
demo_image,demo_image.tif,left,CPu_L,370,2600.2162260050704,2490.8544005795,2761,2457,2568,2526,2636,dorsal
demo_image,demo_image.tif,left,CPu_L,379,2196.347138263666,2542.9956270096463,7775,2464,2145,2609,2251,dorsal
demo_image,demo_image.tif,left,CPu_L,380,2695.719581749049,2482.7119771863117,1052,2465,2673,2503,2718,dorsal
demo_image,demo_image.tif,left,CPu_L,385,2250.1316559391457,2504.0760678759507,1709,2471,2227,2536,2271,dorsal
demo_image,demo_image.tif,left,CPu_L,390,2016.9068678459937,2507.8844953173775,1922,2476,1986,2540,2047,dorsal
demo_image,demo_image.tif,left,CPu_L,391,1743.8255386232263,2501.6479243300055,1903,2477,1718,2525,1774,dorsal
demo_image,demo_image.tif,left,CPu_L,393,2973.6513169370314,2549.7537066108493,5733,2483,2948,2619,3004,dorsal
demo_image,demo_image.tif,left,CPu_L,400,2694.8153918791313,2520.7993389990556,2118,2492,2672,2552,2721,dorsal
demo_image,demo_image.tif,left,CPu_L,401,2508.143565472166,2535.8733378408833,4437,2493,2471,2578,2557,dorsal
demo_image,demo_image.tif,left,CPu_L,403,2097.987866817156,2543.9351015801353,3544,2498,2060,2592,2136,dorsal
demo_image,demo_image.tif,left,CPu_L,407,1910.1598733676296,2545.9050257222,2527,2502,1885,2585,1938,dorsal
demo_image,demo_image.tif,left,CPu_L,408,2322.307972480777,2557.715364899501,7413,2503,2278,2614,2368,dorsal
demo_image,demo_image.tif,left,CPu_L,409,2730.6807245201408,2546.699107866991,3699,2505,2688,2588,2762,dorsal
demo_image,demo_image.tif,left,CPu_L,413,2052.0429777436684,2549.52110514198,2606,2514,2025,2590,2086,dorsal
demo_image,demo_image.tif,left,CPu_L,417,3029.153601454215,2593.147693705976,8802,2518,2987,2675,3066,dorsal
demo_image,demo_image.tif,left,CPu_L,425,1950.799823633157,2552.25176366843,2268,2522,1920,2583,1983,dorsal
demo_image,demo_image.tif,left,CPu_L,427,2587.566599394551,2551.884964682139,1982,2524,2565,2584,2613,dorsal
demo_image,demo_image.tif,left,CPu_L,430,2382.5530791788856,2560.1759530791787,1705,2528,2363,2599,2406,dorsal
demo_image,demo_image.tif,left,CPu_L,431,2004.878802747792,2561.615309126594,2038,2531,1981,2593,2031,dorsal
demo_image,demo_image.tif,left,CPu_L,433,1842.843373493976,2561.263339070568,1162,2535,1830,2592,1860,dorsal
demo_image,demo_image.tif,left,CPu_L,434,2464.98491773309,2569.3829981718463,2188,2535,2443,2606,2492,dorsal
demo_image,demo_image.tif,left,CPu_L,437,2414.9871692060947,2596.651964715317,6235,2540,2372,2646,2460,dorsal
demo_image,demo_image.tif,left,CPu_L,439,2236.1059275521407,2586.6361141602633,3644,2541,2199,2625,2267,dorsal
demo_image,demo_image.tif,left,CPu_L,441,1750.684496124031,2564.6596899224805,1290,2545,1730,2589,1770,dorsal
demo_image,demo_image.tif,left,CPu_L,443,1626.888475836431,2574.910249601699,1883,2547,1605,2603,1649,dorsal
demo_image,demo_image.tif,left,CPu_L,444,1864.1013484123532,2590.571552849065,2299,2547,1842,2631,1886,dorsal
demo_image,demo_image.tif,left,CPu_L,445,2687.075167037862,2581.094097995546,1796,2549,2665,2609,2713,dorsal
demo_image,demo_image.tif,left,CPu_L,446,2544.66062866276,2575.089504528503,1877,2550,2517,2599,2570,dorsal
demo_image,demo_image.tif,left,CPu_L,448,1785.3320209973754,2578.510498687664,1524,2551,1768,2606,1805,dorsal
demo_image,demo_image.tif,left,CPu_L,454,2865.8755121336276,2599.7261266939804,3173,2559,2839,2639,2893,dorsal
demo_image,demo_image.tif,left,CPu_L,459,2645.165744400527,2612.8131752305667,3795,2567,2616,2655,2683,dorsal
demo_image,demo_image.tif,left,CPu_L,470,1941.27100073046,2594.4682249817383,1369,2573,1921,2618,1965,dorsal
demo_image,demo_image.tif,left,CPu_L,473,2508.785831960461,2589.0708401976935,607,2577,2491,2604,2526,dorsal
demo_image,demo_image.tif,left,CPu_L,477,2058.7404081632653,2633.1643537414966,3675,2580,2029,2674,2105,dorsal
demo_image,demo_image.tif,left,CPu_L,478,2081.2032426172555,2606.9733642154024,1727,2581,2059,2632,2104,dorsal
demo_image,demo_image.tif,left,CPu_L,482,1976.7174571140265,2618.0867810292634,1982,2589,1947,2651,2004,dorsal
demo_image,demo_image.tif,left,CPu_L,484,2487.8136241867587,2625.5556831228473,2613,2591,2458,2657,2519,dorsal
demo_image,demo_image.tif,left,CPu_L,485,2567.288547664747,2618.2911068458093,1563,2592,2548,2647,2587,dorsal
demo_image,demo_image.tif,left,CPu_L,491,1729.152419354839,2619.9685483870967,1240,2598,1708,2642,1750,dorsal
demo_image,demo_image.tif,left,CPu_L,492,2154.53290529695,2653.720476954827,4361,2600,2123,2713,2194,dorsal
demo_image,demo_image.tif,left,CPu_L,493,2694.1148771610556,2643.7568243858054,4396,2600,2654,2688,2735,dorsal
demo_image,demo_image.tif,left,CPu_L,498,1908.8626842513577,2632.5027152831653,1289,2607,1891,2659,1929,dorsal
demo_image,demo_image.tif,left,CPu_L,501,1636.568194680249,2638.4193548387098,1767,2612,1614,2666,1660,dorsal
demo_image,demo_image.tif,left,CPu_L,502,1786.658587987355,2640.987355110643,1898,2613,1761,2675,1809,dorsal
demo_image,demo_image.tif,left,CPu_L,505,2229.0126245847177,2638.1189368770765,1505,2618,2205,2663,2255,dorsal
demo_image,demo_image.tif,left,CPu_L,507,2596.1969455208573,2664.5263277866425,4387,2621,2561,2706,2634,dorsal
demo_image,demo_image.tif,left,CPu_L,510,1916.000702740689,2666.596626844694,1423,2625,1896,2702,1938,dorsal
demo_image,demo_image.tif,left,CPu_L,511,2982.477835723598,2671.1810082572792,4602,2626,2948,2714,3025,dorsal
demo_image,demo_image.tif,left,CPu_L,512,1983.7325509573811,2667.8184064237184,3238,2628,1953,2713,2021,dorsal
demo_image,demo_image.tif,left,CPu_L,514,1822.3509127789048,2658.343475321163,1479,2629,1802,2696,1847,dorsal
demo_image,demo_image.tif,left,CPu_L,515,2267.3921725239616,2652.519968051118,1252,2629,2250,2679,2288,dorsal
demo_image,demo_image.tif,left,CPu_L,518,1863.516216216216,2661.722972972973,1480,2631,1850,2694,1880,dorsal
demo_image,demo_image.tif,left,CPu_L,519,2361.904051172708,2655.3674484719263,1407,2632,2337,2678,2387,dorsal
demo_image,demo_image.tif,left,CPu_L,521,1936.6364432763908,2678.264126149803,2283,2638,1903,2721,1967,dorsal
demo_image,demo_image.tif,left,CPu_L,524,1827.945029624753,2708.209677419354,3038,2641,1797,2768,1853,dorsal
demo_image,demo_image.tif,left,CPu_L,525,2234.7572559366754,2667.4784520668427,1137,2641,2215,2689,2256,dorsal
demo_image,demo_image.tif,left,CPu_L,528,2509.9487394957982,2667.8789915966386,1190,2644,2491,2692,2529,dorsal
demo_image,demo_image.tif,left,CPu_L,529,2485.3231939163497,2669.814955640051,789,2645,2468,2690,2507,dorsal
demo_image,demo_image.tif,left,CPu_L,531,2827.7574550543654,2706.800193777586,9289,2647,2779,2765,2884,dorsal
demo_image,demo_image.tif,left,CPu_L,536,2099.127807655805,2694.7972160708637,3161,2652,2068,2741,2129,dorsal
demo_image,demo_image.tif,left,CPu_L,537,2715.503592814371,2680.494011976048,1670,2652,2686,2705,2739,dorsal
demo_image,demo_image.tif,left,CPu_L,539,2455.3296616837138,2674.7513768686076,1271,2653,2433,2698,2481,dorsal
demo_image,demo_image.tif,left,CPu_L,540,2290.3760053619303,2678.3357908847183,1492,2656,2265,2701,2328,dorsal
demo_image,demo_image.tif,left,CPu_L,541,2635.512613521695,2682.084762865792,991,2660,2616,2705,2655,dorsal
demo_image,demo_image.tif,left,CPu_L,547,1614.4290322580646,2685.240322580645,1240,2666,1594,2706,1636,dorsal
demo_image,demo_image.tif,left,CPu_L,551,2399.21327246046,2719.1552258274905,6133,2670,2359,2771,2443,dorsal
demo_image,demo_image.tif,left,CPu_L,556,1782.281746031746,2719.636002886003,2772,2674,1756,2765,1813,dorsal
demo_image,demo_image.tif,left,CPu_L,557,2007.4361088211049,2719.135476779335,3639,2674,1980,2767,2035,dorsal
demo_image,demo_image.tif,left,CPu_L,559,2245.907894736842,2694.8804824561403,912,2677,2228,2717,2266,dorsal
demo_image,demo_image.tif,left,CPu_L,564,1657.4190231362468,2714.646529562982,2334,2681,1635,2752,1679,dorsal
demo_image,demo_image.tif,left,CPu_L,565,2753.7175753471047,2713.7013206908227,2953,2681,2722,2747,2783,dorsal
demo_image,demo_image.tif,left,CPu_L,569,1869.0841039189784,2718.8102157639805,2271,2686,1846,2755,1892,dorsal
demo_image,demo_image.tif,left,CPu_L,571,2464.5941872981703,2704.3379978471476,929,2687,2446,2722,2484,dorsal
demo_image,demo_image.tif,left,CPu_L,575,2264.4370290635093,2725.4083243631144,2787,2692,2230,2762,2295,dorsal
demo_image,demo_image.tif,left,CPu_L,576,2545.356236323851,2727.2621444201313,2285,2694,2522,2776,2570,dorsal
demo_image,demo_image.tif,left,CPu_L,583,1934.9674451521585,2729.0176928520877,1413,2702,1916,2757,1952,dorsal
demo_image,demo_image.tif,left,CPu_L,587,3093.890582347589,2754.235213830755,4396,2710,3064,2800,3125,dorsal
demo_image,demo_image.tif,left,CPu_L,590,2950.7272727272725,2756.7474568060716,6193,2714,2895,2801,2999,dorsal
demo_image,demo_image.tif,left,CPu_L,593,2051.965255688769,2760.6048446293125,4087,2717,2021,2806,2088,dorsal
demo_image,demo_image.tif,left,CPu_L,595,2164.605891126025,2759.8072334079047,2682,2721,2141,2806,2196,dorsal
demo_image,demo_image.tif,left,CPu_L,596,2577.430376344086,2764.83252688172,3720,2723,2537,2796,2612,dorsal
demo_image,demo_image.tif,left,CPu_L,599,2472.505801687764,2763.9456751054854,3792,2724,2443,2808,2503,dorsal
demo_image,demo_image.tif,left,CPu_L,602,2199.287430214854,2803.335307054644,5911,2729,2161,2866,2237,dorsal
demo_image,demo_image.tif,left,CPu_L,606,1966.908533916849,2771.111159737418,2285,2734,1944,2806,1991,dorsal
demo_image,demo_image.tif,left,CPu_L,608,2770.6391585760516,2762.391585760518,1854,2735,2747,2790,2795,dorsal
demo_image,demo_image.tif,left,CPu_L,609,1903.0378352490425,2775.340038314176,2088,2736,1882,2820,1927,dorsal
demo_image,demo_image.tif,left,CPu_L,610,2517.2620144832126,2762.564845292956,1519,2736,2499,2786,2539,dorsal
demo_image,demo_image.tif,left,CPu_L,612,1834.872894333844,2767.6993363961205,1959,2737,1815,2801,1861,dorsal
demo_image,demo_image.tif,left,CPu_L,614,1694.6661316211878,2762.768057784912,1246,2738,1675,2787,1716,dorsal
demo_image,demo_image.tif,left,CPu_L,622,2126.570132325142,2787.7005671077504,2645,2742,2105,2832,2148,dorsal
demo_image,demo_image.tif,left,CPu_L,625,1736.5081685296648,2766.146173688736,1163,2744,1718,2789,1755,dorsal
demo_image,demo_image.tif,left,CPu_L,628,2709.6497297297296,2782.3142342342344,2775,2749,2677,2819,2743,dorsal
demo_image,demo_image.tif,left,CPu_L,632,2807.706451612903,2783.7451612903224,2170,2758,2777,2814,2846,dorsal
demo_image,demo_image.tif,left,CPu_L,634,1878.0513874614592,2787.649537512847,973,2760,1866,2817,1891,dorsal
demo_image,demo_image.tif,left,CPu_L,639,2327.5132430841672,2790.8063566804003,1699,2765,2305,2819,2351,dorsal
demo_image,demo_image.tif,left,CPu_L,641,2390.749277158199,2798.3738124741844,2421,2768,2366,2827,2418,dorsal
demo_image,demo_image.tif,left,CPu_L,645,1838.8090683669857,2817.411264612115,2823,2777,1814,2862,1868,dorsal
demo_image,demo_image.tif,left,CPu_L,648,1986.7156274458648,2821.649882598487,3833,2779,1948,2867,2023,dorsal
demo_image,demo_image.tif,left,CPu_L,650,1694.0186746987952,2808.3090361445784,1660,2781,1676,2836,1713,dorsal
demo_image,demo_image.tif,left,CPu_L,651,1781.0160993560255,2813.5984360625575,2174,2781,1761,2849,1803,dorsal
demo_image,demo_image.tif,left,CPu_L,652,2925.033470161036,2830.891221976634,6334,2782,2886,2883,2965,dorsal
demo_image,demo_image.tif,left,CPu_L,653,2266.2417445482865,2818.2476635514017,3210,2783,2234,2854,2296,dorsal
demo_image,demo_image.tif,left,CPu_L,655,2092.206661619985,2808.3671461014383,1321,2785,2072,2834,2111,dorsal
demo_image,demo_image.tif,left,CPu_L,659,2498.4276729559747,2822.1379716981132,2544,2788,2471,2854,2526,dorsal
demo_image,demo_image.tif,left,CPu_L,660,1553.7985257985258,2822.8505323505324,2442,2789,1531,2858,1579,dorsal
demo_image,demo_image.tif,left,CPu_L,661,1589.6246031746032,2809.9373015873016,1260,2789,1571,2831,1612,dorsal
demo_image,demo_image.tif,left,CPu_L,667,1628.5187817258884,2832.872081218274,1970,2802,1609,2864,1650,dorsal
demo_image,demo_image.tif,left,CPu_L,669,1909.4127182044888,2840.775145469659,2406,2805,1885,2875,1935,dorsal
demo_image,demo_image.tif,left,CPu_L,672,2308.306470248411,2858.033795493934,3462,2807,2285,2903,2336,dorsal
demo_image,demo_image.tif,left,CPu_L,673,2638.642105263158,2823.2736842105264,665,2808,2626,2842,2654,dorsal
demo_image,demo_image.tif,left,CPu_L,674,2699.0686546463244,2833.128987517337,1442,2808,2681,2860,2719,dorsal
demo_image,demo_image.tif,left,CPu_L,676,2732.1020924350423,2866.180041388825,4349,2810,2698,2915,2763,dorsal
demo_image,demo_image.tif,left,CPu_L,679,2059.551811502407,2872.915885482645,3947,2814,2022,2920,2087,dorsal
demo_image,demo_image.tif,left,CPu_L,681,2778.285984848485,2850.7090909090907,2640,2816,2754,2886,2805,dorsal
demo_image,demo_image.tif,left,CPu_L,684,2148.300165445521,2863.684944457575,4231,2818,2116,2914,2186,dorsal
demo_image,demo_image.tif,left,CPu_L,685,2608.4953445065175,2841.772191185599,1611,2818,2581,2867,2632,dorsal
demo_image,demo_image.tif,left,CPu_L,689,2380.14289897511,2859.9733528550514,3415,2823,2346,2902,2416,dorsal
demo_image,demo_image.tif,left,CPu_L,690,2655.7719298245615,2864.7679033649697,3477,2825,2627,2902,2686,dorsal
demo_image,demo_image.tif,left,CPu_L,691,2023.9864498644984,2869.279907084785,2583,2827,1992,2915,2053,dorsal
demo_image,demo_image.tif,left,CPu_L,693,1745.5280723643168,2871.2651278852154,3206,2829,1719,2920,1774,dorsal
demo_image,demo_image.tif,left,CPu_L,695,1683.938190749079,2862.5640605812528,2443,2831,1660,2895,1709,dorsal
demo_image,demo_image.tif,left,CPu_L,704,1880.9471403812825,2865.818890814558,1154,2839,1866,2890,1899,dorsal
demo_image,demo_image.tif,left,CPu_L,710,3098.3222056631894,2897.723994038748,3355,2845,3078,2955,3121,dorsal
demo_image,demo_image.tif,left,CPu_L,713,1834.6050458715597,2890.0894495412845,2180,2849,1814,2929,1855,dorsal
demo_image,demo_image.tif,left,CPu_L,714,2231.020582524272,2894.2702912621357,2575,2849,2207,2936,2257,dorsal
demo_image,demo_image.tif,left,CPu_L,715,1793.0551936921495,2893.359273225917,2917,2850,1771,2937,1817,dorsal
demo_image,demo_image.tif,left,CPu_L,717,2264.509005145798,2887.840909090909,2332,2853,2243,2926,2288,dorsal
demo_image,demo_image.tif,left,CPu_L,718,1597.572470373747,2886.073837739289,2194,2854,1578,2928,1621,dorsal
demo_image,demo_image.tif,left,CPu_L,719,2097.8034535297106,2885.447435246318,1969,2854,2077,2917,2119,dorsal
demo_image,demo_image.tif,left,CPu_L,720,1929.246666666667,2891.68,2400,2855,1906,2930,1955,dorsal
demo_image,demo_image.tif,left,CPu_L,721,2588.201834862385,2885.054281345566,2616,2855,2556,2920,2618,dorsal
demo_image,demo_image.tif,left,CPu_L,723,1969.8862047043865,2882.012714558169,1573,2858,1949,2909,1993,dorsal
demo_image,demo_image.tif,left,CPu_L,727,2197.5979325353646,2891.025027203482,1838,2863,2175,2925,2219,dorsal
demo_image,demo_image.tif,left,CPu_L,739,1461.2008626001232,2913.1688231669746,1623,2882,1435,2947,1490,dorsal
demo_image,demo_image.tif,left,CPu_L,740,2532.805625676163,2927.795528308691,2773,2882,2514,2979,2558,dorsal
demo_image,demo_image.tif,left,CPu_L,742,3034.46843725943,2915.3918398768283,2598,2883,3009,2945,3065,dorsal
demo_image,demo_image.tif,left,CPu_L,743,2781.3194780086997,2945.825358466248,6207,2887,2746,2998,2831,dorsal
demo_image,demo_image.tif,left,CPu_L,747,2393.160246312473,2940.8492052126594,6983,2892,2347,2996,2435,dorsal
demo_image,demo_image.tif,left,CPu_L,751,2163.5675848814863,2916.764253683536,1561,2893,2140,2938,2189,dorsal
demo_image,demo_image.tif,left,CPu_L,754,1627.4038834951457,2928.544660194175,3090,2894,1594,2965,1659,dorsal
demo_image,demo_image.tif,left,CPu_L,755,2284.262331838565,2918.097159940209,1338,2895,2260,2940,2308,dorsal
demo_image,demo_image.tif,left,CPu_L,756,1485.2801251956182,2922.7339593114243,1278,2896,1463,2946,1505,dorsal
demo_image,demo_image.tif,left,CPu_L,757,1979.9348729792148,2934.186143187067,2165,2896,1964,2973,2000,dorsal
demo_image,demo_image.tif,left,CPu_L,759,2563.2546055739253,2931.899858290033,2117,2899,2541,2968,2591,dorsal
demo_image,demo_image.tif,left,CPu_L,760,1945.1867236024848,2945.670031055901,2576,2901,1923,2988,1966,dorsal
demo_image,demo_image.tif,left,CPu_L,765,1692.713973116599,2946.892153798062,3199,2905,1666,2986,1720,dorsal
demo_image,demo_image.tif,left,CPu_L,774,1901.804325437693,2942.7425334706486,971,2917,1886,2971,1921,dorsal
demo_image,demo_image.tif,left,CPu_L,776,2909.930637461387,2970.452401010952,7122,2923,2853,3030,2970,dorsal
demo_image,demo_image.tif,left,CPu_L,778,2697.296726504752,2967.965575501584,4735,2924,2665,3015,2733,dorsal
demo_image,demo_image.tif,left,CPu_L,779,3106.0643219638855,3015.619733270388,8473,2926,3060,3080,3143,dorsal
demo_image,demo_image.tif,left,CPu_L,780,1781.3102608695651,2972.0573913043477,2875,2928,1761,3016,1804,dorsal
demo_image,demo_image.tif,left,CPu_L,781,2102.9145129224653,2956.3623260437375,2012,2928,2080,2992,2127,dorsal
demo_image,demo_image.tif,left,CPu_L,782,2463.024587612823,2971.570806100218,3213,2931,2437,3012,2489,dorsal
demo_image,demo_image.tif,left,CPu_L,784,3033.717350157729,2970.3233438485804,3170,2934,3003,3006,3067,dorsal
demo_image,demo_image.tif,left,CPu_L,785,1590.2612156295224,2961.180897250362,1382,2935,1574,2987,1610,dorsal
demo_image,demo_image.tif,left,CPu_L,786,3072.4624913971093,2970.6772195457675,1453,2936,3057,3005,3090,dorsal
demo_image,demo_image.tif,left,CPu_L,793,1911.9151624548736,2969.0198555956677,1108,2944,1893,2991,1927,dorsal
demo_image,demo_image.tif,left,CPu_L,794,2248.8163069544366,2976.3846522781773,2085,2944,2226,3010,2271,dorsal
demo_image,demo_image.tif,left,CPu_L,795,2585.094206426485,2982.6402142161637,4108,2944,2549,3026,2626,dorsal
demo_image,demo_image.tif,left,CPu_L,796,1733.454012458776,2984.824477830707,2729,2946,1711,3024,1756,dorsal
demo_image,demo_image.tif,left,CPu_L,799,1473.7259259259258,2972.6559670781894,1215,2948,1457,3000,1492,dorsal
demo_image,demo_image.tif,left,CPu_L,800,2005.5923217550271,2991.595063985375,3282,2948,1971,3031,2038,dorsal
demo_image,demo_image.tif,left,CPu_L,804,2069.056864064603,2991.3818977119786,2972,2951,2037,3032,2099,dorsal
demo_image,demo_image.tif,left,CPu_L,814,1647.403761755486,2994.3843260188087,1595,2969,1629,3021,1668,dorsal
demo_image,demo_image.tif,left,CPu_L,815,2650.434409480997,3003.4401307723742,2447,2970,2626,3040,2677,dorsal
demo_image,demo_image.tif,left,CPu_L,820,1496.7228260869565,2987.1503623188405,552,2973,1482,3000,1512,dorsal
demo_image,demo_image.tif,left,CPu_L,821,2813.816280806572,3014.105800348518,4017,2974,2773,3047,2855,dorsal
demo_image,demo_image.tif,left,CPu_L,823,2962.933831990794,3008.2917146144996,1738,2977,2945,3039,2981,dorsal
demo_image,demo_image.tif,left,CPu_L,825,2207.262977262977,3007.7885027885027,2331,2979,2184,3041,2236,dorsal
demo_image,demo_image.tif,left,CPu_L,830,2608.9259421560037,3021.657318141981,2282,2986,2576,3047,2637,dorsal
demo_image,demo_image.tif,left,CPu_L,836,1934.4946524064171,3032.146524064171,3740,2991,1883,3067,1974,dorsal
demo_image,demo_image.tif,left,CPu_L,837,1840.2030769230769,3018.5593846153847,1625,2993,1821,3051,1862,dorsal
demo_image,demo_image.tif,left,CPu_L,838,2131.8603181076674,3041.385603588907,4904,2993,2097,3091,2166,dorsal
demo_image,demo_image.tif,left,CPu_L,840,2173.470098410295,3023.658591975776,1321,2994,2161,3054,2188,dorsal
demo_image,demo_image.tif,left,CPu_L,843,2043.310864745011,3035.312638580931,2255,2998,2020,3068,2074,dorsal
demo_image,demo_image.tif,left,CPu_L,845,2908.8154475457172,3031.667228103946,4156,2999,2864,3067,2948,dorsal
demo_image,demo_image.tif,left,CPu_L,847,2999.138568935427,3054.3902268760908,5730,3000,2965,3109,3034,dorsal
demo_image,demo_image.tif,left,CPu_L,848,1810.736483195324,3038.4072089624938,2053,3001,1793,3070,1835,dorsal
demo_image,demo_image.tif,left,CPu_L,849,2519.7308564946115,3041.3536585365855,3526,3002,2489,3082,2551,dorsal
demo_image,demo_image.tif,left,CPu_L,850,1526.2334801762115,3029.958464443046,1589,3003,1509,3059,1543,dorsal
demo_image,demo_image.tif,left,CPu_L,852,1554.3003246753246,3038.468344155844,1232,3010,1542,3066,1570,dorsal
demo_image,demo_image.tif,left,CPu_L,853,1662.2208888888888,3043.213777777778,2250,3011,1640,3075,1686,dorsal
demo_image,demo_image.tif,left,CPu_L,854,1721.0564808110066,3040.2643012309923,1381,3012,1705,3068,1739,dorsal
demo_image,demo_image.tif,left,CPu_L,855,2269.421098517873,3034.7122929380994,1147,3012,2250,3055,2286,dorsal
demo_image,demo_image.tif,left,CPu_L,857,2345.0306338028167,3054.2447183098593,2840,3014,2320,3095,2371,dorsal
demo_image,demo_image.tif,left,CPu_L,866,2745.0565420560747,3048.5401869158877,2140,3025,2716,3073,2775,dorsal
demo_image,demo_image.tif,left,CPu_L,871,2312.729346970889,3054.909520062942,1271,3027,2296,3080,2329,dorsal
demo_image,demo_image.tif,left,CPu_L,872,2200.340682414698,3059.127034120735,1905,3029,2177,3089,2226,dorsal
demo_image,demo_image.tif,left,CPu_L,882,2444.750702247191,3082.911165730337,5696,3040,2402,3125,2493,dorsal
demo_image,demo_image.tif,left,CPu_L,883,2617.981719702099,3078.404874746107,4431,3042,2575,3124,2657,dorsal
demo_image,demo_image.tif,left,CPu_L,888,2796.434827144686,3089.726504481434,3905,3047,2763,3131,2827,dorsal
demo_image,demo_image.tif,left,CPu_L,891,2261.450369793694,3082.857921370183,2569,3050,2238,3118,2286,dorsal
demo_image,demo_image.tif,left,CPu_L,892,3064.3305378831697,3093.5682475419317,3458,3050,3036,3145,3090,dorsal
demo_image,demo_image.tif,left,CPu_L,894,1932.0607580824972,3085.839464882943,3588,3053,1891,3122,1966,dorsal
demo_image,demo_image.tif,left,CPu_L,896,2879.482016806722,3091.515294117647,2975,3054,2853,3132,2907,dorsal
demo_image,demo_image.tif,left,CPu_L,897,1767.9053708439897,3081.965046888321,1173,3055,1752,3112,1782,dorsal
demo_image,demo_image.tif,left,CPu_L,898,2058.9573529411764,3080.458823529412,1360,3057,2038,3110,2078,dorsal
demo_image,demo_image.tif,left,CPu_L,899,1882.0985373364128,3084.3856812933027,1299,3059,1863,3107,1901,dorsal
demo_image,demo_image.tif,left,CPu_L,904,1809.8041610131163,3095.268204432384,2211,3066,1786,3128,1835,dorsal
demo_image,demo_image.tif,left,CPu_L,905,2679.589507266927,3090.943282523928,2821,3066,2647,3123,2713,dorsal
demo_image,demo_image.tif,left,CPu_L,906,1678.5007874015748,3083.2535433070866,635,3070,1662,3096,1696,dorsal
demo_image,demo_image.tif,left,CPu_L,909,1748.1843902439025,3095.529756097561,1025,3072,1733,3118,1766,dorsal
demo_image,demo_image.tif,left,CPu_L,918,1545.3249211356467,3099.6940063091483,951,3080,1528,3123,1562,dorsal
demo_image,demo_image.tif,left,CPu_L,919,2308.4575087310827,3108.209545983702,1718,3080,2293,3141,2325,dorsal
demo_image,demo_image.tif,left,CPu_L,920,2572.8023780237804,3117.5953259532594,2439,3080,2549,3159,2598,dorsal
demo_image,demo_image.tif,left,CPu_L,922,2128.7501717426153,3124.89901534234,4367,3081,2094,3168,2164,dorsal
demo_image,demo_image.tif,left,CPu_L,924,2028.9102459016392,3115.361475409836,2440,3084,2006,3153,2062,dorsal
demo_image,demo_image.tif,left,CPu_L,927,2367.9055982436885,3120.982802780827,2733,3088,2342,3158,2395,dorsal
demo_image,demo_image.tif,left,CPu_L,928,2528.7999225256635,3143.9302730970367,5163,3088,2497,3189,2568,dorsal
demo_image,demo_image.tif,left,CPu_L,931,1475.0874673629244,3111.157963446475,766,3095,1460,3128,1492,dorsal
demo_image,demo_image.tif,left,CPu_L,933,2754.794835007174,3131.316355810617,2788,3097,2728,3166,2784,dorsal
demo_image,demo_image.tif,left,CPu_L,934,3128.781501909207,3133.6156130674585,2357,3098,3103,3168,3153,dorsal
demo_image,demo_image.tif,left,CPu_L,936,1568.558998808105,3119.69010727056,839,3100,1554,3140,1581,dorsal
demo_image,demo_image.tif,left,CPu_L,937,2217.1005244755243,3125.694493006993,2288,3101,2190,3155,2251,dorsal
demo_image,demo_image.tif,left,CPu_L,940,1592.5442477876106,3129.0099557522126,904,3104,1580,3151,1608,dorsal
demo_image,demo_image.tif,left,CPu_L,943,2601.064738292011,3129.382920110193,726,3109,2589,3147,2616,dorsal
demo_image,demo_image.tif,left,CPu_L,946,1521.900826446281,3130.646005509642,726,3113,1507,3152,1537,dorsal
demo_image,demo_image.tif,left,CPu_L,947,1546.3487621097954,3137.3659849300325,929,3115,1531,3159,1562,dorsal
demo_image,demo_image.tif,left,CPu_L,948,2474.3791935980303,3158.74946137273,3249,3115,2445,3200,2500,dorsal
demo_image,demo_image.tif,left,CPu_L,949,2054.5407308079116,3154.782769024472,2983,3117,2023,3187,2091,dorsal
demo_image,demo_image.tif,left,CPu_L,950,1829.5720780957472,3157.687617009896,3739,3118,1792,3194,1863,dorsal
demo_image,demo_image.tif,left,CPu_L,953,1746.1488020176546,3160.919293820933,3172,3122,1716,3194,1777,dorsal
demo_image,demo_image.tif,left,CPu_L,954,2704.140228426396,3155.3172588832485,3152,3124,2673,3187,2737,dorsal
demo_image,demo_image.tif,left,CPu_L,958,1454.291719745223,3175.9371549893845,2355,3131,1435,3221,1475,dorsal
demo_image,demo_image.tif,left,CPu_L,959,1982.015244717839,3171.7312115538916,3739,3131,1952,3208,2015,dorsal
demo_image,demo_image.tif,left,CPu_L,960,2909.2835230084115,3156.646709549728,2021,3131,2884,3183,2935,dorsal
demo_image,demo_image.tif,left,CPu_L,964,2633.231689088191,3157.5926756352765,1338,3136,2615,3181,2653,dorsal
demo_image,demo_image.tif,left,CPu_L,969,2986.0055231666156,3179.6471310217858,3259,3141,2954,3222,3020,dorsal
demo_image,demo_image.tif,left,CPu_L,973,2798.217038539554,3178.4645030425963,2958,3147,2768,3211,2832,dorsal
demo_image,demo_image.tif,left,CPu_L,975,1484.618025751073,3173.9502145922747,1165,3148,1471,3199,1502,dorsal
demo_image,demo_image.tif,left,CPu_L,980,2352.0008453085375,3181.509298393914,2366,3152,2328,3212,2379,dorsal
demo_image,demo_image.tif,left,CPu_L,985,1874.6893732970027,3181.786557674841,1101,3157,1860,3211,1893,dorsal
demo_image,demo_image.tif,left,CPu_L,988,1640.0265297389817,3189.3346170303807,2337,3160,1616,3221,1668,dorsal
demo_image,demo_image.tif,left,CPu_L,989,3018.8629651506203,3210.1169521559364,3386,3164,2986,3254,3048,dorsal
demo_image,demo_image.tif,left,CPu_L,991,2166.191019078641,3205.7422056770592,4298,3165,2134,3247,2205,dorsal
demo_image,demo_image.tif,left,CPu_L,995,2288.352539352539,3206.7190377190377,3367,3172,2253,3240,2319,dorsal
demo_image,demo_image.tif,left,CPu_L,997,3136.7403773584906,3210.033962264151,3975,3173,3096,3251,3174,dorsal
demo_image,demo_image.tif,left,CPu_L,999,2641.697424892704,3205.3399141630903,2330,3178,2612,3233,2670,dorsal
demo_image,demo_image.tif,left,CPu_L,1000,1743.5842105263157,3219.426065162907,3990,3179,1709,3258,1781,dorsal
demo_image,demo_image.tif,left,CPu_L,1001,2887.918220084185,3204.3962717979557,1663,3179,2866,3228,2909,dorsal
demo_image,demo_image.tif,left,CPu_L,1003,1833.3940724478596,3197.678375411635,911,3180,1813,3219,1852,dorsal
demo_image,demo_image.tif,left,CPu_L,1005,2066.3000637755104,3218.441964285714,3136,3181,2039,3260,2097,dorsal
demo_image,demo_image.tif,left,CPu_L,1006,2431.0033011681057,3216.0812595226,3938,3181,2399,3253,2465,dorsal
demo_image,demo_image.tif,left,CPu_L,1009,2234.4721131186175,3203.6472898664574,1273,3186,2208,3222,2259,dorsal
demo_image,demo_image.tif,left,CPu_L,1013,1814.5518207282912,3218.364145658263,1071,3190,1801,3242,1833,dorsal
demo_image,demo_image.tif,left,CPu_L,1015,1673.1892215568862,3216.491017964072,835,3193,1660,3236,1688,dorsal
demo_image,demo_image.tif,left,CPu_L,1019,2951.037294015611,3227.9223764093667,2306,3196,2926,3257,2981,dorsal
demo_image,demo_image.tif,left,CPu_L,1026,2001.1024013722129,3252.890909090909,5830,3207,1960,3303,2044,dorsal
demo_image,demo_image.tif,left,CPu_L,1027,1595.9347107438016,3230.094214876033,1210,3208,1578,3253,1618,dorsal
demo_image,demo_image.tif,left,CPu_L,1028,2355.7628091872793,3239.8838339222616,2264,3208,2335,3280,2378,dorsal
demo_image,demo_image.tif,left,CPu_L,1035,1641.915857605178,3244.6836569579286,1236,3215,1627,3276,1658,dorsal
demo_image,demo_image.tif,left,CPu_L,1038,3047.302560124127,3274.1126454615983,6445,3218,3002,3327,3092,dorsal
demo_image,demo_image.tif,left,CPu_L,1039,2773.7580500894455,3257.718694096601,4472,3223,2737,3295,2816,dorsal
demo_image,demo_image.tif,left,CPu_L,1041,1481.117754728493,3252.124466137889,1639,3224,1463,3282,1501,dorsal
demo_image,demo_image.tif,left,CPu_L,1042,1913.6055699481865,3251.598445595855,1544,3224,1892,3282,1936,dorsal
demo_image,demo_image.tif,left,CPu_L,1044,2883.2184139784945,3244.8400537634407,1488,3225,2862,3269,2907,dorsal
demo_image,demo_image.tif,left,CPu_L,1046,3117.39210708516,3276.115162704823,4333,3231,3080,3328,3168,dorsal
demo_image,demo_image.tif,left,CPu_L,1050,2101.795442501325,3261.313725490196,1887,3233,2079,3295,2128,dorsal
demo_image,demo_image.tif,left,CPu_L,1052,1878.3226879574183,3259.2894211576845,1503,3234,1862,3286,1898,dorsal
demo_image,demo_image.tif,left,CPu_L,1053,1528.51345532831,3253.692142088267,929,3235,1511,3273,1549,dorsal
demo_image,demo_image.tif,left,CPu_L,1054,2977.3144208037825,3258.5555555555557,1269,3235,2954,3281,3002,dorsal
demo_image,demo_image.tif,left,CPu_L,1058,2277.244170096022,3262.766803840878,1458,3241,2256,3285,2300,dorsal
demo_image,demo_image.tif,left,CPu_L,1059,1623.7442810457517,3268.621732026144,1224,3243,1602,3294,1646,dorsal
demo_image,demo_image.tif,left,CPu_L,1062,2575.694144144144,3273.377027027027,2220,3245,2552,3301,2600,dorsal
demo_image,demo_image.tif,left,CPu_L,1065,1931.632933104631,3286.8120068610633,2915,3251,1904,3326,1963,dorsal
demo_image,demo_image.tif,left,CPu_L,1066,2644.9945355191257,3281.6015132408575,2379,3253,2616,3318,2680,dorsal
demo_image,demo_image.tif,left,CPu_L,1070,1676.034217877095,3284.792597765363,1432,3261,1658,3309,1698,dorsal
demo_image,demo_image.tif,left,CPu_L,1072,2120.9440089585664,3280.5509518477043,893,3262,2100,3297,2142,dorsal
demo_image,demo_image.tif,left,CPu_L,1073,1748.5795293450524,3307.631414800114,3527,3265,1718,3360,1774,dorsal
demo_image,demo_image.tif,left,CPu_L,1074,3151.9656108597287,3293.0325791855203,2210,3265,3119,3321,3183,dorsal
demo_image,demo_image.tif,left,CPu_L,1075,2977.3941093969142,3288.2054698457223,1426,3266,2950,3309,3004,dorsal
demo_image,demo_image.tif,left,CPu_L,1078,2885.6840731070497,3282.154046997389,766,3267,2870,3297,2903,dorsal
demo_image,demo_image.tif,left,CPu_L,1080,2495.429726088909,3299.17287831163,2227,3268,2475,3335,2518,dorsal
demo_image,demo_image.tif,left,CPu_L,1081,2666.470553418171,3313.439479135839,3379,3268,2633,3352,2700,dorsal
demo_image,demo_image.tif,left,CPu_L,1084,1578.901023890785,3288.235494880546,879,3270,1563,3306,1597,dorsal
demo_image,demo_image.tif,left,CPu_L,1085,2415.826624153049,3296.3124750896773,2509,3270,2385,3328,2443,dorsal
demo_image,demo_image.tif,left,CPu_L,1086,2825.34270242393,3311.686436307375,3878,3270,2784,3349,2858,dorsal
demo_image,demo_image.tif,left,CPu_L,1087,1846.3002577319587,3301.619201030928,1552,3272,1831,3334,1864,dorsal
demo_image,demo_image.tif,left,CPu_L,1090,2201.8465778594395,3308.2521819016997,2177,3278,2180,3343,2226,dorsal
demo_image,demo_image.tif,left,CPu_L,1091,2785.336550836551,3306.4169884169883,1554,3279,2764,3335,2809,dorsal
demo_image,demo_image.tif,left,CPu_L,1093,2233.109144542773,3309.877581120944,1356,3284,2217,3339,2251,dorsal
demo_image,demo_image.tif,left,CPu_L,1094,2380.237671232877,3311.582191780822,1460,3285,2361,3336,2402,dorsal
demo_image,demo_image.tif,left,CPu_L,1097,2016.3375060182957,3321.5007221954743,2077,3289,1998,3357,2038,dorsal
demo_image,demo_image.tif,left,CPu_L,1098,2867.903260869565,3312.516304347826,920,3290,2857,3335,2884,dorsal
demo_image,demo_image.tif,left,CPu_L,1099,2059.4410987849974,3346.024828314844,3786,3294,2027,3395,2094,dorsal
demo_image,demo_image.tif,left,CPu_L,1100,2888.323595505618,3305.2314606741575,445,3294,2875,3320,2902,dorsal
demo_image,demo_image.tif,left,CPu_L,1101,2925.27422108408,3333.781903542467,4686,3296,2891,3378,2971,dorsal
demo_image,demo_image.tif,left,CPu_L,1103,1974.704722792608,3332.5671457905546,2435,3299,1946,3362,1999,dorsal
demo_image,demo_image.tif,left,CPu_L,1105,2575.970924690181,3325.5252621544328,2098,3301,2550,3352,2601,dorsal
demo_image,demo_image.tif,left,CPu_L,1112,2268.2952127659573,3337.1043882978724,1504,3310,2250,3366,2289,dorsal
demo_image,demo_image.tif,left,CPu_L,1115,2971.324900133156,3339.4820239680425,1502,3315,2949,3364,2994,dorsal
demo_image,demo_image.tif,left,CPu_L,1116,1561.7119140625,3348.310546875,2048,3316,1538,3383,1585,dorsal
demo_image,demo_image.tif,left,CPu_L,1117,1498.769696969697,3343.6454545454544,1320,3317,1481,3371,1517,dorsal
demo_image,demo_image.tif,left,CPu_L,1118,2096.3834726090995,3342.6713091922006,1077,3319,2081,3364,2114,dorsal
demo_image,demo_image.tif,left,CPu_L,1120,2296.765076507651,3342.695769576958,1111,3320,2282,3372,2314,dorsal
demo_image,demo_image.tif,left,CPu_L,1121,1627.1472081218274,3343.2758037225044,1182,3322,1607,3366,1645,dorsal
demo_image,demo_image.tif,left,CPu_L,1122,2458.1811989100815,3336.174386920981,734,3322,2442,3351,2475,dorsal
demo_image,demo_image.tif,left,CPu_L,1126,1864.2238398544132,3342.926296633303,1099,3328,1840,3358,1889,dorsal
demo_image,demo_image.tif,left,CPu_L,1129,2226.5031407035176,3356.4798994974876,1592,3332,2200,3380,2252,dorsal
demo_image,demo_image.tif,left,CPu_L,1130,3020.93720190779,3351.2003179650237,1258,3332,2998,3370,3044,dorsal
demo_image,demo_image.tif,left,CPu_L,1133,2534.5203607543044,3372.280404482099,3659,3335,2501,3407,2574,dorsal
demo_image,demo_image.tif,left,CPu_L,1137,2419.6345776031435,3352.8487229862476,509,3339,2408,3369,2434,dorsal
demo_image,demo_image.tif,left,CPu_L,1139,1793.4332096474957,3365.122448979592,1078,3341,1780,3391,1808,dorsal
demo_image,demo_image.tif,left,CPu_L,1140,2825.540474243663,3364.7408013082586,1223,3342,2807,3388,2845,dorsal
demo_image,demo_image.tif,left,CPu_L,1141,3130.9771598808343,3373.7284011916586,2014,3345,3101,3404,3162,dorsal
demo_image,demo_image.tif,left,CPu_L,1143,2438.646451612903,3365.922580645162,775,3348,2424,3386,2452,dorsal
demo_image,demo_image.tif,left,CPu_L,1148,2732.829075206909,3380.995681899964,2779,3354,2702,3411,2764,dorsal
demo_image,demo_image.tif,left,CPu_L,1150,3050.042056074766,3375.543613707165,1284,3357,3028,3394,3074,dorsal
demo_image,demo_image.tif,left,CPu_L,1151,2680.4884881043745,3402.706062931696,2606,3364,2654,3442,2706,dorsal
demo_image,demo_image.tif,left,CPu_L,1156,1827.009411764706,3394.9364705882354,1700,3365,1807,3426,1849,dorsal
demo_image,demo_image.tif,left,CPu_L,1158,2997.5087535014004,3397.954481792717,2856,3368,2963,3432,3030,dorsal
demo_image,demo_image.tif,left,CPu_L,1159,1879.882703777336,3388.985089463221,1006,3371,1860,3408,1901,dorsal
demo_image,demo_image.tif,left,CPu_L,1162,2328.4467668190723,3402.64826910516,3062,3372,2299,3438,2360,dorsal
demo_image,demo_image.tif,left,CPu_L,1165,2624.8770581778267,3392.138309549945,911,3374,2610,3415,2644,dorsal
demo_image,demo_image.tif,left,CPu_L,1166,2099.1922330097086,3412.2181229773464,3090,3375,2069,3450,2131,dorsal
demo_image,demo_image.tif,left,CPu_L,1167,2424.85390199637,3397.298548094374,1102,3375,2409,3419,2442,dorsal
demo_image,demo_image.tif,left,CPu_L,1168,1589.3330512060938,3416.136267456623,2363,3376,1568,3450,1618,dorsal
demo_image,demo_image.tif,left,CPu_L,1170,2057.193883439123,3406.8897864974033,1733,3379,2032,3433,2083,dorsal
demo_image,demo_image.tif,left,CPu_L,1172,2282.3549946294306,3412.8716433942,1862,3382,2258,3442,2305,dorsal
demo_image,demo_image.tif,left,CPu_L,1173,3043.500906344411,3407.6374622356498,1655,3382,3011,3433,3077,dorsal
demo_image,demo_image.tif,left,CPu_L,1174,2838.802222222222,3404.828148148148,1350,3384,2816,3427,2862,dorsal
demo_image,demo_image.tif,left,CPu_L,1177,2877.56404494382,3422.5255617977527,3560,3385,2842,3460,2911,dorsal
demo_image,demo_image.tif,left,CPu_L,1180,2642.9821542383684,3414.869980879541,1569,3387,2618,3438,2666,dorsal
demo_image,demo_image.tif,left,CPu_L,1181,3137.2976653696496,3427.4027237354085,3598,3387,3099,3470,3175,dorsal
demo_image,demo_image.tif,left,CPu_L,1184,2587.5323484462556,3414.3499745287827,1963,3390,2560,3438,2614,dorsal
demo_image,demo_image.tif,left,CPu_L,1186,1693.946153846154,3426.495673076923,2080,3394,1669,3462,1716,dorsal
demo_image,demo_image.tif,left,CPu_L,1187,2957.91599642538,3421.2993744414657,1119,3394,2942,3445,2977,dorsal
demo_image,demo_image.tif,left,CPu_L,1191,2520.564447592068,3420.9723796033995,1412,3401,2500,3444,2544,dorsal
demo_image,demo_image.tif,left,CPu_L,1192,1659.2921779141104,3437.5962423312885,2608,3402,1632,3474,1688,dorsal
demo_image,demo_image.tif,left,CPu_L,1194,2932.6543209876545,3421.972839506173,810,3404,2919,3441,2947,dorsal
demo_image,demo_image.tif,left,CPu_L,1195,3051.885227272727,3437.0875,1760,3405,3027,3461,3077,dorsal
demo_image,demo_image.tif,left,CPu_L,1196,2736.187127532777,3429.0095351609057,1678,3407,2714,3454,2759,dorsal
demo_image,demo_image.tif,left,CPu_L,1197,3083.203422053232,3429.9325095057034,1052,3407,3070,3456,3099,dorsal
demo_image,demo_image.tif,left,CPu_L,1198,1921.132382892057,3447.7219959266804,2946,3408,1893,3489,1952,dorsal
demo_image,demo_image.tif,left,CPu_L,1199,2183.3470550981633,3428.672577580747,1579,3408,2161,3456,2212,dorsal
demo_image,demo_image.tif,left,CPu_L,1206,2147.1239436619717,3438.2725352112675,1420,3411,2130,3465,2164,dorsal
demo_image,demo_image.tif,left,CPu_L,1207,2394.299666110184,3433.6135225375624,1198,3411,2375,3456,2420,dorsal
demo_image,demo_image.tif,left,CPu_L,1208,1547.775826446281,3429.592975206612,968,3412,1528,3448,1568,dorsal
demo_image,demo_image.tif,left,CPu_L,1209,1822.6049295774649,3438.0781690140843,1420,3412,1804,3465,1844,dorsal
demo_image,demo_image.tif,left,CPu_L,1215,2825.868556701031,3436.780927835051,776,3422,2811,3453,2843,dorsal
demo_image,demo_image.tif,left,CPu_L,1216,3002.3444444444444,3440.035353535354,990,3423,2984,3459,3021,dorsal
demo_image,demo_image.tif,left,CPu_L,1219,2031.782457496136,3464.8956723338483,2588,3427,2008,3503,2057,dorsal
demo_image,demo_image.tif,left,CPu_L,1221,2197.3458870168483,3461.5639246778987,2018,3432,2174,3491,2222,dorsal
demo_image,demo_image.tif,left,CPu_L,1223,2264.857235142119,3470.169573643411,3096,3439,2229,3502,2298,dorsal
demo_image,demo_image.tif,left,CPu_L,1224,2100.2046624280956,3473.6309415682713,3303,3441,2067,3504,2135,dorsal
demo_image,demo_image.tif,left,CPu_L,1225,2929.4219084296105,3475.7107402652973,2337,3443,2903,3508,2954,dorsal
demo_image,demo_image.tif,left,CPu_L,1226,2833.713442791175,3484.1326321190354,3898,3444,2801,3526,2875,dorsal
demo_image,demo_image.tif,left,CPu_L,1228,2638.522537562604,3459.3021702838064,599,3446,2624,3473,2654,dorsal
demo_image,demo_image.tif,left,CPu_L,1229,1975.9285091543156,3468.924149956408,1147,3447,1959,3490,1992,dorsal
demo_image,demo_image.tif,left,CPu_L,1231,2750.435100548446,3478.252285191956,1641,3451,2731,3507,2771,dorsal
demo_image,demo_image.tif,left,CPu_L,1233,3041.281116419412,3490.981393009806,3977,3453,3006,3533,3083,dorsal
demo_image,demo_image.tif,left,CPu_L,1235,2456.3418530351437,3478.487539936102,1565,3455,2435,3503,2478,dorsal
demo_image,demo_image.tif,left,CPu_L,1237,2880.924716553288,3494.045351473923,2205,3457,2853,3531,2903,dorsal
demo_image,demo_image.tif,left,CPu_L,1241,1659.5651515151517,3503.8151515151517,1980,3468,1642,3540,1678,dorsal
demo_image,demo_image.tif,left,CPu_L,1243,2958.032873806999,3500.44591728526,1886,3470,2934,3529,2981,dorsal
demo_image,demo_image.tif,left,CPu_L,1245,1711.173343605547,3497.035439137134,1298,3471,1694,3524,1730,dorsal
demo_image,demo_image.tif,left,CPu_L,1246,2512.145025968837,3505.3811426288453,2503,3471,2485,3537,2538,dorsal
demo_image,demo_image.tif,left,CPu_L,1247,1937.15800681431,3507.8845826235092,2348,3472,1912,3551,1965,dorsal
demo_image,demo_image.tif,left,CPu_L,1250,2352.4228554107303,3509.250682024856,3299,3476,2321,3544,2385,dorsal
demo_image,demo_image.tif,left,CPu_L,1252,3175.428746928747,3508.961302211302,1628,3482,3151,3534,3198,ventral
demo_image,demo_image.tif,left,CPu_L,1253,3087.261159227182,3510.3784143904063,1501,3484,3067,3535,3108,ventral
demo_image,demo_image.tif,left,CPu_L,1256,1978.6692307692308,3511.5297435897437,1950,3485,1954,3540,2006,dorsal
demo_image,demo_image.tif,left,CPu_L,1257,1908.0100111234703,3503.1201334816465,899,3486,1895,3528,1924,dorsal
demo_image,demo_image.tif,left,CPu_L,1259,2771.9719101123596,3517.53595505618,1780,3493,2750,3545,2794,dorsal
demo_image,demo_image.tif,left,CPu_L,1260,3122.444933920705,3509.798825256975,681,3493,3104,3527,3139,ventral
demo_image,demo_image.tif,left,CPu_L,1263,1745.5679657794676,3528.391634980989,2104,3495,1720,3576,1765,dorsal
demo_image,demo_image.tif,left,CPu_L,1267,2285.9829545454545,3522.4529220779223,1232,3496,2270,3549,2302,dorsal
demo_image,demo_image.tif,left,CPu_L,1271,2086.996815286624,3525.5464968152864,1570,3503,2067,3559,2113,dorsal
demo_image,demo_image.tif,left,CPu_L,1272,2655.053404539386,3522.049399198932,749,3505,2642,3543,2671,dorsal
demo_image,demo_image.tif,left,CPu_L,1273,2852.5946531791906,3535.489161849711,1384,3506,2836,3561,2873,dorsal
demo_image,demo_image.tif,left,CPu_L,1277,2006.7020408163264,3528.091156462585,735,3509,1990,3545,2021,dorsal
demo_image,demo_image.tif,left,CPu_L,1283,2104.7818599311136,3547.1567164179105,1742,3516,2080,3578,2130,dorsal
demo_image,demo_image.tif,left,CPu_L,1284,3110.087364409264,3556.157431838171,3411,3517,3075,3611,3155,ventral
demo_image,demo_image.tif,left,CPu_L,1285,1897.3203463203463,3545.385899814471,1617,3518,1879,3573,1921,dorsal
demo_image,demo_image.tif,left,CPu_L,1286,2045.794741697417,3544.983856088561,2168,3518,2018,3573,2072,dorsal
demo_image,demo_image.tif,left,CPu_L,1290,1869.6654846335696,3542.9456264775413,846,3522,1853,3566,1882,dorsal
demo_image,demo_image.tif,left,CPu_L,1291,2217.4275046670814,3546.5040448039827,1607,3522,2199,3576,2239,dorsal
demo_image,demo_image.tif,left,CPu_L,1293,2677.896432111001,3550.214073339941,2018,3524,2652,3575,2703,dorsal
demo_image,demo_image.tif,left,CPu_L,1295,2743.9090106007066,3549.911660777386,1132,3527,2728,3576,2760,dorsal
demo_image,demo_image.tif,left,CPu_L,1297,2395.8792710706152,3549.750189825361,1317,3528,2378,3574,2416,dorsal
demo_image,demo_image.tif,left,CPu_L,1299,2592.03164556962,3559.6003616636526,2212,3530,2562,3588,2626,dorsal
demo_image,demo_image.tif,left,CPu_L,1301,2510.217135382603,3549.5160235448006,1529,3532,2481,3567,2540,dorsal
demo_image,demo_image.tif,left,CPu_L,1303,2793.378988326848,3554.570428015564,1285,3533,2775,3580,2816,dorsal
demo_image,demo_image.tif,left,CPu_L,1311,1806.4627363737488,3562.893214682981,899,3541,1795,3586,1820,dorsal
demo_image,demo_image.tif,left,CPu_L,1312,3000.2281570569507,3576.9961089494163,2827,3541,2973,3622,3032,ventral
demo_image,demo_image.tif,left,CPu_L,1313,2318.249832102082,3561.4788448623235,1489,3542,2295,3584,2342,dorsal
demo_image,demo_image.tif,left,CPu_L,1317,2006.6887939533356,3587.8639500492936,3043,3546,1979,3626,2037,dorsal
demo_image,demo_image.tif,left,CPu_L,1318,2450.3809801633606,3573.2829638273047,1714,3547,2430,3601,2470,dorsal
demo_image,demo_image.tif,left,CPu_L,1319,3042.896942800789,3588.751479289941,2028,3547,3015,3628,3072,ventral
demo_image,demo_image.tif,left,CPu_L,1320,2865.4705228031144,3587.307749351131,2697,3548,2836,3627,2898,dorsal
demo_image,demo_image.tif,left,CPu_L,1322,2926.256281407035,3570.3668341708544,796,3551,2913,3594,2943,dorsal
demo_image,demo_image.tif,left,CPu_L,1324,3033.4568452380954,3569.6130952380954,672,3552,3020,3592,3050,ventral
demo_image,demo_image.tif,left,CPu_L,1326,3125.78955954323,3580.548123980424,1226,3553,3108,3609,3146,ventral
demo_image,demo_image.tif,left,CPu_L,1327,2560.9624170965367,3584.2505526897567,1357,3557,2544,3609,2581,dorsal
demo_image,demo_image.tif,left,CPu_L,1328,2639.243879472693,3576.9934086629,1062,3557,2623,3598,2657,dorsal
demo_image,demo_image.tif,left,CPu_L,1329,2129.875,3601.065197841727,2224,3558,2110,3645,2150,dorsal
demo_image,demo_image.tif,left,CPu_L,1330,2405.561757719715,3582.7197149643707,842,3563,2391,3603,2421,dorsal
demo_image,demo_image.tif,left,CPu_L,1331,1874.0154894671623,3592.799256505576,1614,3565,1856,3624,1894,dorsal
demo_image,demo_image.tif,left,CPu_L,1333,2828.273607748184,3592.27199354318,1239,3570,2806,3616,2849,dorsal
demo_image,demo_image.tif,left,CPu_L,1335,1939.7049429657795,3594.053992395437,1315,3572,1917,3618,1964,dorsal
demo_image,demo_image.tif,left,CPu_L,1340,2967.941050375134,3604.260450160771,933,3580,2953,3626,2983,ventral
demo_image,demo_image.tif,left,CPu_L,1342,3165.887133182844,3604.396162528217,886,3583,3147,3628,3186,ventral
demo_image,demo_image.tif,left,CPu_L,1343,1843.2031454783748,3611.307339449542,1526,3585,1824,3639,1865,dorsal
demo_image,demo_image.tif,left,CPu_L,1348,2788.301972685888,3622.336368234699,1977,3595,2765,3653,2817,dorsal
demo_image,demo_image.tif,left,CPu_L,1349,1633.9897959183672,3615.3010204081634,784,3596,1622,3637,1646,dorsal
demo_image,demo_image.tif,left,CPu_L,1350,2896.2247129579005,3620.797156916348,1829,3597,2874,3652,2918,dorsal
demo_image,demo_image.tif,left,CPu_L,1352,1687.8250790305583,3622.946259220232,949,3599,1677,3653,1702,dorsal
demo_image,demo_image.tif,left,CPu_L,1355,2095.386342376052,3623.4321796071094,1069,3605,2078,3642,2113,dorsal
demo_image,demo_image.tif,left,CPu_L,1356,2713.889642416769,3629.811344019729,1622,3606,2691,3653,2737,dorsal
demo_image,demo_image.tif,left,CPu_L,1362,2872.2943469785573,3654.759584145549,1539,3617,2855,3687,2892,dorsal
demo_image,demo_image.tif,left,CPu_L,1363,3102.3980514961727,3643.324286708421,1437,3617,3082,3671,3121,ventral
demo_image,demo_image.tif,left,CPu_L,1364,2495.39156626506,3630.5993975903616,664,3618,2479,3644,2513,dorsal
demo_image,demo_image.tif,left,CPu_L,1365,3062.2276887871853,3643.668764302059,1748,3618,3038,3675,3088,ventral
demo_image,demo_image.tif,left,CPu_L,1366,2966.5104408352668,3646.166589327146,2155,3619,2940,3677,2997,ventral
demo_image,demo_image.tif,left,CPu_L,1371,2821.2558139534885,3643.4283965728273,817,3626,2806,3661,2837,dorsal
demo_image,demo_image.tif,left,CPu_L,1372,2556.5150812064967,3646.635730858469,862,3628,2542,3667,2572,dorsal
demo_image,demo_image.tif,left,CPu_L,1373,2849.1392285983065,3650.67074317968,1063,3628,2834,3673,2866,dorsal
demo_image,demo_image.tif,left,CPu_L,1374,1564.7603550295858,3662.671597633136,1352,3629,1553,3698,1577,dorsal
demo_image,demo_image.tif,left,CPu_L,1375,1775.815445026178,3649.3416230366497,764,3630,1763,3671,1790,dorsal
demo_image,demo_image.tif,left,CPu_L,1376,2048.6244541484716,3656.102932002495,1603,3631,2029,3684,2071,dorsal
demo_image,demo_image.tif,left,CPu_L,1378,2222.5817490494296,3669.327946768061,2104,3634,2200,3702,2244,dorsal
demo_image,demo_image.tif,left,CPu_L,1379,3013.6578802855574,3665.951674903899,1821,3634,2988,3695,3041,ventral
demo_image,demo_image.tif,left,CPu_L,1381,1840.4182058047493,3663.7908970976255,1516,3637,1819,3691,1859,dorsal
demo_image,demo_image.tif,left,CPu_L,1382,2257.2151624548737,3662.034657039711,1385,3637,2240,3684,2279,dorsal
demo_image,demo_image.tif,left,CPu_L,1383,1809.3853940708605,3665.368040491685,1383,3638,1789,3692,1830,dorsal
demo_image,demo_image.tif,left,CPu_L,1385,2399.0262725779967,3653.384236453202,609,3639,2387,3669,2412,dorsal
demo_image,demo_image.tif,left,CPu_L,1387,1903.62905982906,3652.9042735042735,585,3640,1890,3667,1919,dorsal
demo_image,demo_image.tif,left,CPu_L,1388,2349.6607888631092,3667.731786542923,2155,3640,2323,3696,2376,dorsal
demo_image,demo_image.tif,left,CPu_L,1393,2018.6130952380952,3669.8601190476193,1008,3647,2004,3693,2033,dorsal
demo_image,demo_image.tif,left,CPu_L,1394,2687.110153846154,3682.376615384615,1625,3651,2668,3714,2706,dorsal
demo_image,demo_image.tif,left,CPu_L,1395,2711.3582966226136,3670.9030837004407,681,3651,2699,3689,2727,dorsal
demo_image,demo_image.tif,left,CPu_L,1396,3128.02688172043,3665.759856630824,558,3651,3117,3682,3140,ventral
demo_image,demo_image.tif,left,CPu_L,1397,2610.908866995074,3660.593596059113,406,3652,2598,3671,2625,dorsal
demo_image,demo_image.tif,left,CPu_L,1401,2097.831478537361,3688.3966613672496,3774,3654,2064,3726,2132,dorsal
demo_image,demo_image.tif,left,CPu_L,1402,2742.004086398132,3683.0011675423234,1713,3655,2722,3712,2762,dorsal
demo_image,demo_image.tif,left,CPu_L,1403,2432.264767199444,3680.832522585129,1439,3656,2414,3707,2451,dorsal
demo_image,demo_image.tif,left,CPu_L,1404,3052.6679245283017,3704.450943396226,3180,3657,3012,3745,3084,ventral
demo_image,demo_image.tif,left,CPu_L,1405,1872.1622222222225,3668.804444444445,450,3658,1858,3680,1885,dorsal
demo_image,demo_image.tif,left,CPu_L,1409,1906.3824175824177,3686.1945054945054,910,3665,1893,3712,1921,dorsal
demo_image,demo_image.tif,left,CPu_L,1410,3025.467661691542,3694.49087893864,1206,3668,3004,3721,3050,ventral
demo_image,demo_image.tif,left,CPu_L,1414,1634.976038338658,3683.865814696486,626,3669,1621,3701,1649,dorsal
demo_image,demo_image.tif,left,CPu_L,1416,1927.953223767383,3694.061946902654,791,3674,1915,3715,1943,dorsal
demo_image,demo_image.tif,left,CPu_L,1418,1865.795944233207,3691.178707224334,789,3676,1849,3711,1884,dorsal
demo_image,demo_image.tif,left,CPu_L,1419,1947.330909090909,3694.8727272727274,550,3679,1935,3712,1961,dorsal
demo_image,demo_image.tif,left,CPu_L,1421,2516.1034825870647,3703.5114427860694,1005,3680,2504,3728,2531,dorsal
demo_image,demo_image.tif,left,CPu_L,1422,2985.7451523545706,3693.927977839335,361,3682,2976,3705,2999,ventral
demo_image,demo_image.tif,left,CPu_L,1424,1840.1092032967033,3719.710851648352,1456,3691,1823,3758,1861,dorsal
demo_image,demo_image.tif,left,CPu_L,1425,2264.6261061946902,3720.2759955752217,1808,3691,2244,3751,2286,dorsal
demo_image,demo_image.tif,left,CPu_L,1427,2662.824528301887,3713.795283018868,1060,3693,2647,3735,2680,dorsal
demo_image,demo_image.tif,left,CPu_L,1430,2472.6893063583816,3719.0520231213873,1384,3694,2454,3747,2489,dorsal
demo_image,demo_image.tif,left,CPu_L,1431,3136.798076923077,3716.051775147929,1352,3694,3109,3741,3165,ventral
demo_image,demo_image.tif,left,CPu_L,1432,1889.80223880597,3707.268656716418,536,3695,1877,3721,1905,dorsal
demo_image,demo_image.tif,left,CPu_L,1436,2855.2926829268295,3720.8963414634145,984,3699,2842,3745,2871,ventral
demo_image,demo_image.tif,left,CPu_L,1441,3154.5692475463466,3728.1494002181025,917,3709,3125,3744,3177,ventral
demo_image,demo_image.tif,left,CPu_L,1444,2941.4187279151943,3736.11925795053,1132,3714,2924,3760,2961,ventral
demo_image,demo_image.tif,left,CPu_L,1445,1739.9773960217,3752.1329113924057,2212,3718,1719,3784,1762,dorsal
demo_image,demo_image.tif,left,CPu_L,1446,2440.926705981466,3741.5004212299914,1187,3718,2422,3765,2461,dorsal
demo_image,demo_image.tif,left,CPu_L,1447,2978.1448577680526,3752.6507658643327,2285,3718,2947,3789,3011,ventral
demo_image,demo_image.tif,left,CPu_L,1449,2138.335031847134,3745.6191082802543,1570,3720,2116,3771,2161,dorsal
demo_image,demo_image.tif,left,CPu_L,1450,2566.195445920303,3733.447817836812,527,3720,2554,3749,2581,dorsal
demo_image,demo_image.tif,left,CPu_L,1451,2594.9631336405528,3741.090322580645,1085,3722,2572,3760,2617,dorsal
demo_image,demo_image.tif,left,CPu_L,1452,2032.378809869376,3740.33526850508,689,3725,2019,3756,2047,dorsal
demo_image,demo_image.tif,left,CPu_L,1453,3039.8994374120957,3756.175105485232,1422,3726,3015,3788,3067,ventral
demo_image,demo_image.tif,left,CPu_L,1454,2367.7556160653508,3749.3396868618106,1469,3727,2347,3773,2389,dorsal
demo_image,demo_image.tif,left,CPu_L,1455,2714.9073120494336,3759.622039134913,1942,3728,2692,3792,2739,dorsal
demo_image,demo_image.tif,left,CPu_L,1456,1696.4481907894738,3752.326480263158,1216,3730,1679,3775,1717,dorsal
demo_image,demo_image.tif,left,CPu_L,1457,2238.8715697036223,3756.0768386388586,1822,3731,2216,3788,2265,dorsal
demo_image,demo_image.tif,left,CPu_L,1458,2199.019097222222,3749.6736111111113,1152,3733,2178,3767,2220,dorsal
demo_image,demo_image.tif,left,CPu_L,1460,2518.0045167118337,3762.158988256549,1107,3739,2500,3785,2537,dorsal
demo_image,demo_image.tif,left,CPu_L,1462,3080.0890840652446,3756.8657465495608,797,3740,3064,3777,3099,ventral
demo_image,demo_image.tif,left,CPu_L,1463,2545.953125,3755.734375,512,3742,2535,3772,2560,dorsal
demo_image,demo_image.tif,left,CPu_L,1465,2565.501002004008,3761.753507014028,499,3747,2553,3776,2579,dorsal
demo_image,demo_image.tif,left,CPu_L,1466,2267.6593659942364,3783.677809798271,1735,3751,2248,3813,2286,dorsal
demo_image,demo_image.tif,left,CPu_L,1467,3085.926696832579,3778.019909502262,1105,3755,3061,3798,3109,ventral
demo_image,demo_image.tif,left,CPu_L,1468,3147.9805414551606,3769.391708967851,1182,3755,3118,3783,3178,ventral
demo_image,demo_image.tif,left,CPu_L,1470,2994.413990825688,3778.121559633027,872,3760,2978,3797,3011,ventral
demo_image,demo_image.tif,left,CPu_L,1471,1959.1922731356697,3785.317160826595,1113,3761,1942,3810,1975,dorsal
demo_image,demo_image.tif,left,CPu_L,1473,2738.321928460342,3779.412130637636,643,3763,2726,3797,2752,ventral
demo_image,demo_image.tif,left,CPu_L,1476,2571.6156657963447,3805.3864229765018,1915,3770,2542,3837,2597,dorsal
demo_image,demo_image.tif,left,CPu_L,1478,1696.4832663989291,3786.293172690763,747,3771,1682,3803,1712,dorsal
demo_image,demo_image.tif,left,CPu_L,1480,1940.5533333333333,3796.012,750,3772,1930,3817,1956,dorsal
demo_image,demo_image.tif,left,CPu_L,1481,1988.495145631068,3793.5825242718447,1030,3772,1975,3820,2006,dorsal
demo_image,demo_image.tif,left,CPu_L,1482,1787.2642617449665,3802.933724832215,1192,3773,1773,3833,1802,dorsal
demo_image,demo_image.tif,left,CPu_L,1485,2038.5230099502487,3802.5366915422887,1608,3775,2022,3831,2057,dorsal
demo_image,demo_image.tif,left,CPu_L,1486,1824.6322549952424,3814.522359657469,2102,3778,1799,3845,1850,dorsal
demo_image,demo_image.tif,left,CPu_L,1488,2649.3072625698323,3793.8901303538178,537,3783,2633,3805,2666,dorsal
demo_image,demo_image.tif,left,CPu_L,1490,2770.6674846625765,3805.4220858895706,815,3787,2757,3827,2785,ventral
demo_image,demo_image.tif,left,CPu_L,1494,2004.683026584867,3810.7464212678938,489,3794,1991,3825,2017,dorsal
demo_image,demo_image.tif,left,CPu_L,1495,2418.5974264705883,3816.294117647059,544,3804,2405,3830,2434,dorsal
demo_image,demo_image.tif,left,CPu_L,1497,1922.4120218579235,3834.815300546448,915,3808,1909,3861,1936,dorsal
demo_image,demo_image.tif,left,CPu_L,1498,1689.2247191011236,3825.15569823435,623,3812,1675,3840,1705,dorsal
demo_image,demo_image.tif,left,CPu_L,1501,2752.1469440832248,3846.9882964889466,1538,3818,2733,3876,2774,ventral
demo_image,demo_image.tif,left,CPu_L,1502,2579.2583120204604,3839.996589940324,1173,3819,2561,3861,2599,dorsal
demo_image,demo_image.tif,left,CPu_L,1503,2088.687374749499,3849.4463927855713,1996,3822,2063,3884,2111,dorsal
demo_image,demo_image.tif,left,CPu_L,1505,2307.3803446075303,3854.213784301213,1567,3823,2282,3882,2325,dorsal
demo_image,demo_image.tif,left,CPu_L,1506,2678.326378539494,3838.7675111773474,671,3823,2665,3855,2693,ventral
demo_image,demo_image.tif,left,CPu_L,1515,2135.5858283433136,3857.706586826347,1002,3833,2123,3884,2150,dorsal
demo_image,demo_image.tif,left,CPu_L,1516,2177.9050802139036,3853.513368983957,748,3834,2168,3873,2190,dorsal
demo_image,demo_image.tif,left,CPu_L,1518,2238.8919667590026,3852.013850415513,722,3836,2225,3869,2253,dorsal
demo_image,demo_image.tif,left,CPu_L,1520,2404.775256222548,3863.489019033675,1366,3841,2383,3887,2427,dorsal
demo_image,demo_image.tif,left,CPu_L,1522,2063.0227057710504,3875.557237464522,1057,3846,2049,3901,2078,dorsal
demo_image,demo_image.tif,left,CPu_L,1524,2857.215527230591,3869.6210892236386,863,3847,2843,3898,2875,ventral
demo_image,demo_image.tif,left,CPu_L,1526,1889.548888888889,3874.3722222222223,900,3854,1876,3896,1905,dorsal
demo_image,demo_image.tif,left,CPu_L,1532,2365.923835125448,3883.032258064516,1116,3863,2348,3905,2385,dorsal
demo_image,demo_image.tif,left,CPu_L,1533,2604.5826330532213,3874.8627450980393,357,3863,2594,3887,2615,ventral
demo_image,demo_image.tif,left,CPu_L,1535,2864.679794520548,3889.607876712329,584,3865,2853,3909,2875,ventral
demo_image,demo_image.tif,left,CPu_L,1537,2097.9147592738755,3896.941594317285,1267,3870,2081,3924,2116,dorsal
demo_image,demo_image.tif,left,CPu_L,1538,2188.3857930189833,3897.6295162278016,1633,3871,2168,3925,2210,dorsal
demo_image,demo_image.tif,left,CPu_L,1540,2802.8269617706237,3896.1871227364186,994,3873,2788,3919,2817,ventral
demo_image,demo_image.tif,left,CPu_L,1542,2038.0961538461536,3895.304298642534,884,3877,2020,3917,2054,dorsal
demo_image,demo_image.tif,left,CPu_L,1545,2389.4397417503587,3909.894548063128,1394,3882,2369,3941,2415,dorsal
demo_image,demo_image.tif,left,CPu_L,1546,2298.483870967742,3902.815860215054,744,3884,2287,3923,2311,dorsal
demo_image,demo_image.tif,left,CPu_L,1547,2881.65038845727,3908.204217536071,901,3884,2866,3933,2899,ventral
demo_image,demo_image.tif,left,CPu_L,1548,2016.8008196721312,3910.2983606557377,1220,3886,2000,3933,2037,dorsal
demo_image,demo_image.tif,left,CPu_L,1549,2625.8504983388702,3900.5215946843855,602,3887,2613,3915,2640,ventral
demo_image,demo_image.tif,left,CPu_L,1552,1974.533261802575,3917.8819742489272,932,3896,1961,3941,1989,dorsal
demo_image,demo_image.tif,left,CPu_L,1553,1724.7628156082633,3922.1361897475135,1307,3897,1710,3951,1743,dorsal
demo_image,demo_image.tif,left,CPu_L,1554,2342.777683854607,3925.3288250211326,1183,3899,2327,3959,2360,dorsal
demo_image,demo_image.tif,left,CPu_L,1559,1805.9208364451083,3924.4861837191934,1339,3905,1787,3947,1830,dorsal
demo_image,demo_image.tif,left,CPu_L,1563,1914.676348547718,3934.228215767635,723,3916,1902,3953,1929,dorsal
demo_image,demo_image.tif,left,CPu_L,1564,2699.351409978308,3933.874186550976,922,3916,2684,3953,2716,ventral
demo_image,demo_image.tif,left,CPu_L,1567,2439.7659574468084,3941.235976789169,1034,3921,2424,3963,2456,dorsal
demo_image,demo_image.tif,left,CPu_L,1569,1828.7733236151605,3955.0801749271136,1372,3924,1814,3984,1843,dorsal
demo_image,demo_image.tif,left,CPu_L,1570,2216.390921409214,3955.3448509485097,1476,3928,2196,3983,2237,dorsal
demo_image,demo_image.tif,left,CPu_L,1571,1970.6521126760565,3951.538028169014,710,3933,1959,3970,1984,dorsal
demo_image,demo_image.tif,left,CPu_L,1573,2816.0856313497825,3954.670537010159,689,3939,2798,3971,2835,ventral
demo_image,demo_image.tif,left,CPu_L,1575,2322.8586387434557,3962.0921465968586,955,3941,2308,3983,2339,dorsal
demo_image,demo_image.tif,left,CPu_L,1577,2831.4208754208753,3967.3692480359146,891,3942,2813,3992,2849,ventral
demo_image,demo_image.tif,left,CPu_L,1578,2294.704994192799,3960.543554006969,861,3943,2280,3980,2311,dorsal
demo_image,demo_image.tif,left,CPu_L,1585,2638.515315315315,3978.816216216216,1110,3956,2625,4002,2654,ventral
demo_image,demo_image.tif,left,CPu_L,1589,2374.900931414056,3985.961049957663,1181,3961,2361,4014,2392,dorsal
demo_image,demo_image.tif,left,CPu_L,1591,2469.1147396293027,3987.0847308031775,1133,3963,2456,4015,2484,ventral
demo_image,demo_image.tif,left,CPu_L,1592,2522.6,3972.245945945946,370,3963,2511,3982,2536,ventral
demo_image,demo_image.tif,left,CPu_L,1594,1966.1219822109276,3997.249047013977,1574,3968,1949,4027,1983,dorsal
demo_image,demo_image.tif,left,CPu_L,1599,2144.7412541254125,4001.407920792079,1515,3975,2127,4028,2165,dorsal
demo_image,demo_image.tif,left,CPu_L,1601,2069.918429003021,4002.68580060423,1324,3976,2053,4034,2087,dorsal
demo_image,demo_image.tif,left,CPu_L,1602,2101.181518151815,4007.493729372937,1515,3978,2085,4037,2118,dorsal
demo_image,demo_image.tif,left,CPu_L,1603,2254.8439153439153,3993.5661375661375,756,3979,2238,4009,2273,dorsal
demo_image,demo_image.tif,left,CPu_L,1608,2188.2703836930455,4016.7625899280574,1668,3991,2166,4048,2210,dorsal
demo_image,demo_image.tif,left,CPu_L,1612,2698.92625,4016.70125,800,3998,2687,4039,2713,ventral
demo_image,demo_image.tif,left,CPu_L,1614,2315.062176165803,4015.576856649396,579,4000,2303,4031,2327,dorsal
demo_image,demo_image.tif,left,CPu_L,1620,2620.811664641555,4025.602673147023,823,4007,2607,4044,2637,ventral
demo_image,demo_image.tif,left,CPu_L,1623,1915.407521105142,4034.2755180353033,1303,4009,1900,4060,1932,dorsal
demo_image,demo_image.tif,left,CPu_L,1626,2052.6893477240733,4055.258094791178,2131,4013,2035,4091,2072,dorsal
demo_image,demo_image.tif,left,CPu_L,1627,2268.475034674064,4041.327323162275,1442,4015,2252,4069,2287,dorsal
demo_image,demo_image.tif,left,CPu_L,1630,2218.91504178273,4051.432219127206,2154,4022,2193,4081,2243,dorsal
demo_image,demo_image.tif,left,CPu_L,1632,2512.244935543278,4039.760589318601,543,4023,2503,4058,2523,ventral
demo_image,demo_image.tif,left,CPu_L,1635,2321.894921190893,4062.5359019264447,1713,4030,2305,4097,2342,dorsal
demo_image,demo_image.tif,left,CPu_L,1637,2353.895152198422,4073.27921833897,2661,4035,2329,4109,2381,ventral
demo_image,demo_image.tif,left,CPu_L,1638,2101.3454545454547,4066.494886363637,1760,4037,2085,4097,2119,dorsal
demo_image,demo_image.tif,left,CPu_L,1642,2803.0728782287824,4067.817343173432,1084,4044,2785,4092,2822,ventral
demo_image,demo_image.tif,left,CPu_L,1643,1966.5297297297295,4065.876756756757,925,4046,1952,4086,1982,dorsal
demo_image,demo_image.tif,left,CPu_L,1646,2290.119196119196,4076.975051975052,1443,4050,2274,4105,2307,dorsal
demo_image,demo_image.tif,left,CPu_L,1651,2476.67731629393,4072.90202342918,939,4054,2461,4093,2494,ventral
demo_image,demo_image.tif,left,CPu_L,1652,2731.336956521739,4072.4806763285023,828,4055,2716,4090,2747,ventral
demo_image,demo_image.tif,left,CPu_L,1653,2827.7374658158615,4078.578851412945,1097,4055,2811,4101,2843,ventral
demo_image,demo_image.tif,left,CPu_L,1661,2661.828665568369,4081.996705107084,607,4067,2649,4098,2677,ventral
demo_image,demo_image.tif,left,CPu_L,1663,3187.9582763337894,4109.591655266758,1462,4068,3172,4150,3204,ventral
demo_image,demo_image.tif,left,CPu_L,1668,2099.7224880382773,4121.868203566768,2299,4086,2074,4153,2124,dorsal
demo_image,demo_image.tif,left,CPu_L,1669,2156.295712484237,4112.840479192938,1586,4086,2139,4143,2174,dorsal
demo_image,demo_image.tif,left,CPu_L,1670,2241.338129496403,4108.107913669065,834,4087,2227,4130,2255,dorsal
demo_image,demo_image.tif,left,CPu_L,1677,2265.009950248756,4107.42951907131,603,4092,2254,4126,2277,dorsal
demo_image,demo_image.tif,left,CPu_L,1678,2054.195164075993,4127.626943005182,1737,4095,2033,4163,2074,dorsal
demo_image,demo_image.tif,left,CPu_L,1682,2222.2388289676423,4124.389830508475,649,4104,2210,4142,2236,dorsal
demo_image,demo_image.tif,left,CPu_L,1683,2379.9755395683455,4123.007194244605,695,4104,2369,4143,2392,ventral
demo_image,demo_image.tif,left,CPu_L,1684,2773.598647125141,4126.825253664036,887,4104,2760,4153,2789,ventral
demo_image,demo_image.tif,left,CPu_L,1685,3086.4790174002046,4130.274309109519,977,4105,3070,4154,3105,ventral
demo_image,demo_image.tif,left,CPu_L,1687,2196.3701605288006,4131.745986779981,1059,4110,2180,4154,2213,dorsal
demo_image,demo_image.tif,left,CPu_L,1688,2463.3969359331477,4135.1852367688025,1436,4110,2445,4163,2484,ventral
demo_image,demo_image.tif,left,CPu_L,1689,3107.1495468277944,4128.690332326284,662,4110,3094,4148,3121,ventral
demo_image,demo_image.tif,left,CPu_L,1690,3135.7919463087246,4141.271332694151,1043,4111,3120,4173,3152,ventral
demo_image,demo_image.tif,left,CPu_L,1692,2407.1286089238847,4139.509842519685,1524,4112,2388,4167,2428,ventral
demo_image,demo_image.tif,left,CPu_L,1693,3051.7713004484303,4130.055306427504,669,4113,3039,4148,3064,ventral
demo_image,demo_image.tif,left,CPu_L,1694,3110.1609517144857,4153.290412876137,1429,4113,3088,4185,3137,ventral
demo_image,demo_image.tif,left,CPu_L,1696,3014.8368794326243,4132.040189125296,423,4118,3003,4145,3027,ventral
demo_image,demo_image.tif,left,CPu_L,1698,2294.5837245696403,4132.503912363068,639,4119,2280,4147,2310,ventral
demo_image,demo_image.tif,left,CPu_L,1703,2594.2032235459005,4145.576734407849,1427,4125,2564,4168,2618,ventral
demo_image,demo_image.tif,left,CPu_L,1704,2135.2248995983937,4153.085676037484,1494,4126,2118,4181,2156,dorsal
demo_image,demo_image.tif,left,CPu_L,1707,2039.1417322834643,4155.319881889764,1016,4128,2024,4176,2061,dorsal
demo_image,demo_image.tif,left,CPu_L,1714,2891.921971252567,4162.8336755646815,974,4142,2876,4184,2909,ventral
demo_image,demo_image.tif,left,CPu_L,1715,1934.3680404916847,4165.184381778742,1383,4143,1916,4188,1956,dorsal
demo_image,demo_image.tif,left,CPu_L,1716,2090.521292970754,4170.0,1949,4143,2070,4200,2119,dorsal
demo_image,demo_image.tif,left,CPu_L,1717,3007.0939334637965,4155.890410958904,511,4143,2995,4170,3020,ventral
demo_image,demo_image.tif,left,CPu_L,1722,2497.200333889816,4170.350584307179,599,4153,2487,4189,2508,ventral
demo_image,demo_image.tif,left,CPu_L,1723,3236.4873949579833,4180.792016806723,952,4157,3221,4206,3253,ventral
demo_image,demo_image.tif,left,CPu_L,1725,3059.431597528685,4211.846425419241,3399,4158,3029,4263,3091,ventral
demo_image,demo_image.tif,left,CPu_L,1728,2701.7295081967213,4176.6,610,4162,2687,4191,2717,ventral
demo_image,demo_image.tif,left,CPu_L,1729,2292.6449339207047,4186.111013215859,1135,4163,2277,4210,2308,ventral
demo_image,demo_image.tif,left,CPu_L,1730,2325.792,4182.244,1000,4163,2309,4205,2344,ventral
demo_image,demo_image.tif,left,CPu_L,1733,2171.196358907672,4183.689206762028,769,4167,2157,4203,2187,dorsal
demo_image,demo_image.tif,left,CPu_L,1734,2800.798323729701,4198.38711367208,1909,4169,2781,4229,2822,ventral
demo_image,demo_image.tif,left,CPu_L,1736,2587.852848101266,4184.155063291139,632,4171,2571,4197,2606,ventral
demo_image,demo_image.tif,left,CPu_L,1741,3185.7024878173893,4252.154911515773,3899,4174,3156,4328,3225,ventral
demo_image,demo_image.tif,left,CPu_L,1743,2144.561314791403,4189.702907711758,791,4175,2126,4204,2163,dorsal
demo_image,demo_image.tif,left,CPu_L,1745,2435.1897106109323,4197.704180064308,933,4177,2420,4222,2451,ventral
demo_image,demo_image.tif,left,CPu_L,1746,3110.3684210526317,4203.079854809437,1102,4177,3094,4228,3127,ventral
demo_image,demo_image.tif,left,CPu_L,1748,2347.878754171302,4198.691879866518,899,4179,2333,4220,2364,ventral
demo_image,demo_image.tif,left,CPu_L,1749,2516.5512104283052,4202.829608938548,1074,4179,2502,4225,2533,ventral
demo_image,demo_image.tif,left,CPu_L,1751,3007.441348973607,4199.596774193548,682,4183,2994,4216,3021,ventral
demo_image,demo_image.tif,left,CPu_L,1752,2263.854189336235,4203.533188248096,919,4184,2250,4225,2280,ventral
demo_image,demo_image.tif,left,CPu_L,1753,3134.537906137184,4216.923586040914,1662,4184,3113,4249,3156,ventral
demo_image,demo_image.tif,left,CPu_L,1754,3172.09100877193,4207.417763157895,912,4185,3158,4230,3188,ventral
demo_image,demo_image.tif,left,CPu_L,1756,2183.147598253275,4208.186026200873,1145,4189,2160,4228,2206,ventral
demo_image,demo_image.tif,left,CPu_L,1759,2643.198992443325,4202.261964735517,397,4192,2632,4214,2655,ventral
demo_image,demo_image.tif,left,CPu_L,1760,2315.1598599766626,4226.99008168028,1714,4194,2297,4257,2335,ventral
demo_image,demo_image.tif,left,CPu_L,1763,2370.1314009661837,4219.0038647343,1035,4198,2352,4240,2387,ventral
demo_image,demo_image.tif,left,CPu_L,1764,2911.1386197350207,4247.093533715642,5057,4198,2875,4298,2950,ventral
demo_image,demo_image.tif,left,CPu_L,1767,2453.6041055718474,4225.101661779081,1023,4202,2436,4245,2472,ventral
demo_image,demo_image.tif,left,CPu_L,1768,2619.3562753036435,4220.612348178138,988,4202,2603,4240,2637,ventral
demo_image,demo_image.tif,left,CPu_L,1769,2408.865909090909,4222.339772727273,880,4204,2395,4242,2426,ventral
demo_image,demo_image.tif,left,CPu_L,1770,2074.508817766166,4244.767798824298,3062,4205,2046,4285,2100,dorsal
demo_image,demo_image.tif,left,CPu_L,1774,1998.6244444444444,4240.431555555556,2250,4211,1973,4272,2024,dorsal
demo_image,demo_image.tif,left,CPu_L,1775,3326.8289473684213,4229.981578947369,760,4212,3314,4249,3343,ventral
demo_image,demo_image.tif,left,CPu_L,1777,2548.8617824773414,4242.79833836858,1324,4217,2530,4268,2568,ventral
demo_image,demo_image.tif,left,CPu_L,1782,3357.6764386536374,4241.617806731813,921,4221,3345,4265,3374,ventral
demo_image,demo_image.tif,left,CPu_L,1789,2119.8366834170856,4267.714824120603,2388,4233,2098,4300,2145,ventral
demo_image,demo_image.tif,left,CPu_L,1790,2229.559490084986,4259.999291784702,1412,4233,2213,4288,2245,ventral
demo_image,demo_image.tif,left,CPu_L,1791,2252.8114558472553,4254.282816229117,838,4233,2243,4280,2266,ventral
demo_image,demo_image.tif,left,CPu_L,1792,2363.154954954955,4247.8054054054055,555,4234,2351,4263,2379,ventral
demo_image,demo_image.tif,left,CPu_L,1797,3224.5099394987037,4267.884183232498,1157,4237,3212,4300,3238,ventral
demo_image,demo_image.tif,left,CPu_L,1798,3295.8813920454545,4266.965909090909,1408,4238,3280,4296,3311,ventral
demo_image,demo_image.tif,left,CPu_L,1809,2564.3125,4274.784722222223,576,4258,2553,4292,2577,ventral
demo_image,demo_image.tif,left,CPu_L,1815,2160.2218614718613,4288.976190476191,924,4268,2144,4308,2180,ventral
demo_image,demo_image.tif,left,CPu_L,1817,2405.637755102041,4295.751913265306,1568,4272,2384,4320,2427,ventral
demo_image,demo_image.tif,left,CPu_L,1818,3056.4503816793895,4308.194656488549,1310,4272,3036,4336,3078,ventral
demo_image,demo_image.tif,left,CPu_L,1819,3083.301749271137,4300.733965014577,1372,4272,3069,4330,3099,ventral
demo_image,demo_image.tif,left,CPu_L,1820,2360.2090729783035,4285.7258382642995,507,4274,2347,4299,2374,ventral
demo_image,demo_image.tif,left,CPu_L,1822,2307.1298969072163,4288.356701030928,485,4276,2295,4301,2320,ventral
demo_image,demo_image.tif,left,CPu_L,1825,2700.0345963756176,4299.230642504119,607,4281,2690,4317,2711,ventral
demo_image,demo_image.tif,left,CPu_L,1830,3103.6514923123304,4347.3047934880915,3317,4288,3076,4401,3132,ventral
demo_image,demo_image.tif,left,CPu_L,1834,2472.435869565217,4319.38804347826,920,4291,2452,4347,2488,ventral
demo_image,demo_image.tif,left,CPu_L,1835,2456.2156652360513,4312.052575107296,932,4292,2442,4337,2471,ventral
demo_image,demo_image.tif,left,CPu_L,1838,2337.664621676892,4312.521472392638,978,4295,2320,4332,2357,ventral
demo_image,demo_image.tif,left,CPu_L,1839,2836.885598923284,4309.694481830417,743,4295,2821,4327,2852,ventral
demo_image,demo_image.tif,left,CPu_L,1841,3348.298387096774,4311.395161290323,496,4299,3336,4327,3362,ventral
demo_image,demo_image.tif,left,CPu_L,1842,3365.3723653395787,4321.740046838408,854,4302,3349,4343,3383,ventral
demo_image,demo_image.tif,left,CPu_L,1844,2988.9067961165047,4316.96504854369,515,4305,2975,4331,3002,ventral
demo_image,demo_image.tif,left,CPu_L,1848,3233.343666961913,4335.707705934456,1129,4308,3220,4363,3247,ventral
demo_image,demo_image.tif,left,CPu_L,1853,2967.4893617021276,4327.91134751773,564,4313,2954,4342,2984,ventral
demo_image,demo_image.tif,left,CPu_L,1855,2802.984435797666,4335.19195849546,771,4316,2790,4355,2816,ventral
demo_image,demo_image.tif,left,CPu_L,1856,2892.3789563729683,4334.373823781009,1169,4317,2873,4354,2913,ventral
demo_image,demo_image.tif,left,CPu_L,1857,3020.6713070378964,4342.3062645011605,1293,4317,3005,4371,3037,ventral
demo_image,demo_image.tif,left,CPu_L,1858,2168.1409952606637,4339.306872037915,844,4318,2155,4363,2181,ventral
demo_image,demo_image.tif,left,CPu_L,1859,3337.593237704918,4343.5963114754095,976,4318,3325,4371,3353,ventral
demo_image,demo_image.tif,left,CPu_L,1861,2290.3057324840765,4333.245222929936,628,4319,2276,4350,2309,ventral
demo_image,demo_image.tif,left,CPu_L,1865,2305.3164721141375,4349.312581063554,771,4328,2290,4368,2318,ventral
demo_image,demo_image.tif,left,CPu_L,1869,2390.6012658227846,4342.337552742616,474,4332,2377,4354,2405,ventral
demo_image,demo_image.tif,left,CPu_L,1870,3065.4677276746243,4358.933687002653,1131,4334,3047,4385,3086,ventral
demo_image,demo_image.tif,left,CPu_L,1873,2738.73492286115,4367.225105189341,1426,4341,2722,4393,2757,ventral
demo_image,demo_image.tif,left,CPu_L,1883,3165.9201754385963,4377.621052631579,1140,4352,3150,4405,3182,ventral
demo_image,demo_image.tif,left,CPu_L,1885,3348.14164305949,4377.0670443814915,1059,4355,3331,4398,3365,ventral
demo_image,demo_image.tif,left,CPu_L,1892,2618.766584766585,4381.700245700245,407,4368,2610,4396,2629,ventral
demo_image,demo_image.tif,left,CPu_L,1896,2406.5623987034037,4385.782820097244,617,4372,2392,4403,2422,ventral
demo_image,demo_image.tif,left,CPu_L,1898,2908.7939627939627,4418.447174447175,2849,4373,2882,4475,2936,ventral
demo_image,demo_image.tif,left,CPu_L,1902,3215.242579908676,4406.101598173516,1752,4378,3197,4435,3235,ventral
demo_image,demo_image.tif,left,CPu_L,1903,3249.9556650246304,4389.672413793103,406,4380,3238,4401,3263,ventral
demo_image,demo_image.tif,left,CPu_L,1914,3286.848615916955,4408.1245674740485,1156,4392,3266,4426,3309,ventral
demo_image,demo_image.tif,left,CPu_L,1916,2387.7537190082644,4406.064462809917,605,4393,2371,4419,2407,ventral
demo_image,demo_image.tif,left,CPu_L,1918,3116.549071618037,4412.464190981433,1131,4394,3098,4434,3137,ventral
demo_image,demo_image.tif,left,CPu_L,1919,2986.210465116279,4412.2697674418605,860,4395,2971,4431,3002,ventral
demo_image,demo_image.tif,left,CPu_L,1921,2481.766990291262,4416.6654898499555,1133,4396,2465,4438,2501,ventral
demo_image,demo_image.tif,left,CPu_L,1930,2181.0266203703704,4429.4849537037035,864,4407,2168,4454,2195,ventral
demo_image,demo_image.tif,left,CPu_L,1934,2690.9957983193276,4426.55462184874,476,4414,2678,4440,2705,ventral
demo_image,demo_image.tif,left,CPu_L,1935,3319.349035187287,4435.044267877412,1762,4414,3290,4458,3348,ventral
demo_image,demo_image.tif,left,CPu_L,1939,3009.137931034483,4432.66091954023,870,4415,2994,4452,3024,ventral
demo_image,demo_image.tif,left,CPu_L,1945,3155.2430555555557,4452.337121212121,1584,4422,3137,4484,3173,ventral
demo_image,demo_image.tif,left,CPu_L,1946,2525.288695652174,4437.888695652174,575,4425,2510,4452,2542,ventral
demo_image,demo_image.tif,left,CPu_L,1947,3092.469543147208,4446.7089678511,1182,4425,3073,4469,3113,ventral
demo_image,demo_image.tif,left,CPu_L,1955,2237.8627819548874,4450.067669172932,532,4438,2225,4463,2251,ventral
demo_image,demo_image.tif,left,CPu_L,1958,2521.252704031465,4462.131760078662,1017,4443,2505,4483,2542,ventral
demo_image,demo_image.tif,left,CPu_L,1959,2149.7395209580836,4464.881736526946,1336,4445,2127,4484,2173,ventral
demo_image,demo_image.tif,left,CPu_L,1963,2661.9147350993376,4472.741721854305,1208,4451,2644,4498,2679,ventral
demo_image,demo_image.tif,left,CPu_L,1966,3001.9467849223947,4465.982261640798,451,4453,2991,4481,3013,ventral
demo_image,demo_image.tif,left,CPu_L,1968,2327.3033268101763,4465.571428571428,511,4454,2313,4478,2343,ventral
demo_image,demo_image.tif,left,CPu_L,1969,2748.714285714286,4468.202090592335,574,4454,2737,4483,2763,ventral
demo_image,demo_image.tif,left,CPu_L,1971,3056.1606401896856,4478.9377593361,1687,4455,3036,4506,3080,ventral
demo_image,demo_image.tif,left,CPu_L,1972,2916.624466571835,4470.516358463727,703,4456,2902,4486,2933,ventral
demo_image,demo_image.tif,left,CPu_L,1974,2363.1091549295775,4476.879107981221,852,4457,2348,4497,2378,ventral
demo_image,demo_image.tif,left,CPu_L,1975,2547.779783393502,4467.097472924188,277,4459,2538,4478,2558,ventral
demo_image,demo_image.tif,left,CPu_L,1976,2872.4819466248036,4472.813186813187,637,4459,2858,4488,2888,ventral
demo_image,demo_image.tif,left,CPu_L,1977,2979.667036625971,4476.3140954495,901,4459,2964,4494,2998,ventral
demo_image,demo_image.tif,left,CPu_L,1978,2459.358024691358,4470.58950617284,324,4460,2450,4482,2470,ventral
demo_image,demo_image.tif,left,CPu_L,1979,2718.46584938704,4482.245183887916,1142,4460,2705,4506,2734,ventral
demo_image,demo_image.tif,left,CPu_L,1983,3232.7403726708076,4481.688819875776,1610,4463,3206,4504,3258,ventral
demo_image,demo_image.tif,left,CPu_L,1987,3133.201133144476,4477.14447592068,353,4466,3123,4488,3145,ventral
demo_image,demo_image.tif,left,CPu_L,1993,2538.5234782608695,4487.316521739131,575,4473,2524,4504,2552,ventral
demo_image,demo_image.tif,left,CPu_L,1995,2428.0515463917527,4486.349369988545,873,4475,2406,4499,2450,ventral
demo_image,demo_image.tif,left,CPu_L,1997,2273.9472759226715,4490.968365553603,569,4478,2258,4506,2290,ventral
demo_image,demo_image.tif,left,CPu_L,1999,2851.7210626185956,4498.489563567362,527,4484,2840,4515,2864,ventral
demo_image,demo_image.tif,left,CPu_L,2000,2306.349480968858,4498.603806228373,578,4485,2292,4514,2320,ventral
demo_image,demo_image.tif,left,CPu_L,2001,2372.3196004993756,4503.059925093633,801,4487,2355,4519,2390,ventral
demo_image,demo_image.tif,left,CPu_L,2002,2229.3489583333335,4506.915364583333,768,4489,2212,4524,2245,ventral
demo_image,demo_image.tif,left,CPu_L,2003,2941.0203850509624,4504.727066817667,883,4490,2922,4522,2960,ventral
demo_image,demo_image.tif,left,CPu_L,2006,2799.104722792608,4517.310061601643,974,4495,2783,4538,2815,ventral
demo_image,demo_image.tif,left,CPu_L,2008,3299.6204162537165,4526.890981169475,2018,4496,3272,4555,3323,ventral
demo_image,demo_image.tif,left,CPu_L,2011,2454.575268817204,4512.4112903225805,372,4502,2444,4524,2466,ventral
demo_image,demo_image.tif,left,CPu_L,2012,2627.34375,4519.420955882353,544,4504,2617,4536,2638,ventral
demo_image,demo_image.tif,left,CPu_L,2013,2536.9032258064517,4519.5737327188945,434,4505,2528,4535,2546,ventral
demo_image,demo_image.tif,left,CPu_L,2015,2721.3870967741937,4529.358064516129,930,4509,2708,4552,2736,ventral
demo_image,demo_image.tif,left,CPu_L,2016,2910.354485776805,4523.472647702407,457,4510,2899,4537,2923,ventral
demo_image,demo_image.tif,left,CPu_L,2018,3107.0951048951047,4525.85034965035,715,4511,3093,4543,3123,ventral
demo_image,demo_image.tif,left,CPu_L,2019,2429.330570902394,4532.178637200736,1086,4512,2413,4553,2446,ventral
demo_image,demo_image.tif,left,CPu_L,2021,3164.256,4530.1613333333335,750,4513,3150,4547,3180,ventral
demo_image,demo_image.tif,left,CPu_L,2023,3135.1242990654205,4533.3121495327105,1070,4515,3117,4552,3154,ventral
demo_image,demo_image.tif,left,CPu_L,2024,2974.875,4529.616554054054,592,4516,2961,4545,2989,ventral
demo_image,demo_image.tif,left,CPu_L,2026,3257.983393501805,4540.581227436823,1385,4523,3233,4559,3284,ventral
demo_image,demo_image.tif,left,CPu_L,2029,2882.0422077922076,4534.159090909091,308,4524,2873,4545,2892,ventral
demo_image,demo_image.tif,left,CPu_L,2031,3051.4806007509387,4544.64956195244,799,4529,3034,4562,3069,ventral
demo_image,demo_image.tif,left,CPu_L,2034,2623.776061776062,4541.590733590733,259,4532,2616,4553,2635,ventral
demo_image,demo_image.tif,left,CPu_L,2035,3016.295473251029,4554.347325102881,1215,4532,3000,4579,3036,ventral
demo_image,demo_image.tif,left,CPu_L,2038,2554.4851104707013,4557.203650336215,1041,4537,2537,4578,2570,ventral
demo_image,demo_image.tif,left,CPu_L,2039,2335.945132743363,4554.2070796460175,565,4540,2321,4569,2351,ventral
demo_image,demo_image.tif,left,CPu_L,2040,2642.727876106195,4566.774336283186,1356,4542,2622,4595,2662,ventral
demo_image,demo_image.tif,left,CPu_L,2045,2732.71261682243,4559.383177570094,428,4547,2722,4572,2744,ventral
demo_image,demo_image.tif,left,CPu_L,2049,2688.162661737523,4562.393715341959,541,4548,2677,4578,2702,ventral
demo_image,demo_image.tif,left,CPu_L,2050,2903.879716981132,4565.746462264151,848,4550,2884,4582,2923,ventral
demo_image,demo_image.tif,left,CPu_L,2051,3045.3850085178874,4573.979557069847,1174,4551,3028,4597,3066,ventral
demo_image,demo_image.tif,left,CPu_L,2052,2864.4649910233393,4564.622980251346,557,4552,2852,4579,2878,ventral
demo_image,demo_image.tif,left,CPu_L,2055,3166.0761750405186,4569.623987034036,617,4557,3151,4583,3181,ventral
demo_image,demo_image.tif,left,CPu_L,2056,2708.016643550624,4578.2801664355065,721,4558,2694,4597,2721,ventral
demo_image,demo_image.tif,left,CPu_L,2057,2459.60358056266,4581.438192668372,1173,4559,2445,4609,2477,ventral
demo_image,demo_image.tif,left,CPu_L,2059,2598.4310747663553,4586.814252336449,856,4568,2585,4606,2614,ventral
demo_image,demo_image.tif,left,CPu_L,2060,2751.661666666667,4584.16,600,4568,2741,4601,2764,ventral
demo_image,demo_image.tif,left,CPu_L,2061,2251.919168591224,4588.159353348729,866,4569,2237,4607,2267,ventral
demo_image,demo_image.tif,left,CPu_L,2062,3132.699457259159,4589.689959294437,1474,4570,3106,4613,3157,ventral
demo_image,demo_image.tif,left,CPu_L,2066,2286.145065398335,4595.944114149822,841,4574,2270,4617,2300,ventral
demo_image,demo_image.tif,left,CPu_L,2068,2315.1096877502,4603.17934347478,1249,4576,2301,4632,2330,ventral
demo_image,demo_image.tif,left,CPu_L,2069,2362.3161375661375,4593.80291005291,756,4576,2349,4615,2378,ventral
demo_image,demo_image.tif,left,CPu_L,2070,2877.3571428571427,4588.589285714285,280,4579,2868,4598,2889,ventral
demo_image,demo_image.tif,left,CPu_L,2071,2165.8750913075237,4607.2527392257125,1369,4581,2146,4632,2184,ventral
demo_image,demo_image.tif,left,CPu_L,2072,3098.9219391947413,4602.534921939195,1217,4581,3077,4628,3122,ventral
demo_image,demo_image.tif,left,CPu_L,2073,3009.920025591811,4606.311580294306,1563,4584,2988,4635,3031,ventral
demo_image,demo_image.tif,left,CPu_L,2075,3194.749183006536,4614.97589869281,2448,4587,3156,4645,3232,ventral
demo_image,demo_image.tif,left,CPu_L,2077,3041.8256333830104,4608.564828614009,671,4591,3029,4625,3056,ventral
demo_image,demo_image.tif,left,CPu_L,2078,2199.361971830986,4610.542253521126,710,4592,2187,4628,2213,ventral
demo_image,demo_image.tif,left,CPu_L,2079,2674.0037974683546,4609.437974683544,790,4595,2657,4625,2693,ventral
demo_image,demo_image.tif,left,CPu_L,2080,2880.512927439533,4613.959966638866,1199,4595,2860,4634,2899,ventral
demo_image,demo_image.tif,left,CPu_L,2081,2380.8675889328065,4606.901185770751,506,4596,2366,4619,2396,ventral
demo_image,demo_image.tif,left,CPu_L,2082,2920.016574585635,4616.479281767955,724,4599,2906,4637,2933,ventral
demo_image,demo_image.tif,left,CPu_L,2083,2946.2163120567375,4619.236406619385,846,4599,2931,4641,2962,ventral
demo_image,demo_image.tif,left,CPu_L,2084,2264.8465045592707,4616.841945288754,658,4600,2252,4633,2281,ventral
demo_image,demo_image.tif,left,CPu_L,2086,2402.662447257384,4613.514767932489,474,4601,2391,4627,2414,ventral
demo_image,demo_image.tif,left,CPu_L,2087,3082.7907188353047,4622.541401273886,1099,4602,3063,4641,3109,ventral
demo_image,demo_image.tif,left,CPu_L,2088,2848.7895878524946,4613.299349240781,461,4603,2836,4625,2862,ventral
demo_image,demo_image.tif,left,CPu_L,2090,2697.3994910941474,4620.613231552163,393,4608,2687,4633,2708,ventral
demo_image,demo_image.tif,left,CPu_L,2091,3162.629840546697,4631.53986332574,1756,4608,3133,4656,3192,ventral
demo_image,demo_image.tif,left,CPu_L,2092,2786.5889423076924,4622.8317307692305,416,4612,2775,4635,2798,ventral
demo_image,demo_image.tif,left,CPu_L,2093,2580.086868686869,4630.187878787879,495,4615,2571,4648,2591,ventral
demo_image,demo_image.tif,left,CPu_L,2095,2982.206896551724,4629.925287356322,522,4618,2969,4642,2996,ventral
demo_image,demo_image.tif,left,CPu_L,2096,2734.303191489362,4628.744680851064,376,4619,2723,4640,2746,ventral
demo_image,demo_image.tif,left,CPu_L,2097,3041.1519756838907,4642.213981762918,1645,4619,3016,4666,3067,ventral
demo_image,demo_image.tif,left,CPu_L,2098,3134.1415094339623,4640.421698113208,1060,4619,3112,4662,3163,ventral
demo_image,demo_image.tif,left,CPu_L,2099,2846.8695652173915,4629.829431438127,299,4622,2836,4639,2859,ventral
demo_image,demo_image.tif,left,CPu_L,2100,2910.3996399639964,4646.275427542754,1111,4624,2894,4670,2929,ventral
demo_image,demo_image.tif,left,CPu_L,2103,2395.996301775148,4664.205621301775,1352,4633,2378,4691,2413,ventral
demo_image,demo_image.tif,left,CPu_L,2104,2880.6882430647292,4649.511228533685,757,4633,2867,4669,2894,ventral
demo_image,demo_image.tif,left,CPu_L,2105,2744.906605922551,4647.715261958998,439,4636,2733,4661,2757,ventral
demo_image,demo_image.tif,left,CPu_L,2106,2847.024630541872,4650.701149425287,609,4636,2834,4669,2861,ventral
demo_image,demo_image.tif,left,CPu_L,2107,2208.2797805642635,4661.873040752351,1276,4640,2190,4685,2229,ventral
demo_image,demo_image.tif,left,CPu_L,2108,2446.354098360656,4658.170491803278,610,4641,2435,4675,2460,ventral
demo_image,demo_image.tif,left,CPu_L,2109,2540.6598513011154,4654.005576208178,538,4641,2526,4668,2555,ventral
demo_image,demo_image.tif,left,CPu_L,2110,2983.0457142857144,4658.109523809524,1050,4641,2964,4678,3002,ventral
demo_image,demo_image.tif,left,CPu_L,2113,2660.9703349282295,4665.505263157895,1045,4645,2646,4685,2681,ventral
demo_image,demo_image.tif,left,CPu_L,2114,2564.9451754385964,4660.372807017544,456,4650,2553,4672,2579,ventral
demo_image,demo_image.tif,left,CPu_L,2115,2302.172119487909,4678.199146514936,1406,4652,2285,4706,2320,ventral
demo_image,demo_image.tif,left,CPu_L,2116,2935.700787401575,4672.217847769029,762,4653,2921,4691,2951,ventral
demo_image,demo_image.tif,left,CPu_L,2118,3109.186956521739,4677.808695652174,1610,4657,3083,4703,3133,ventral
demo_image,demo_image.tif,left,CPu_L,2123,2621.3020134228186,4679.807046979866,596,4664,2610,4700,2632,ventral
demo_image,demo_image.tif,left,CPu_L,2124,2695.076923076923,4678.514957264957,468,4667,2683,4691,2708,ventral
demo_image,demo_image.tif,left,CPu_L,2128,2580.0921619293713,4696.190353143841,1161,4673,2565,4718,2600,ventral
demo_image,demo_image.tif,left,CPu_L,2129,3027.1337767923133,4696.070214338507,1353,4675,3004,4718,3051,ventral
demo_image,demo_image.tif,left,CPu_L,2131,2784.2133757961783,4693.617834394904,314,4682,2776,4705,2793,ventral
demo_image,demo_image.tif,left,CPu_L,2132,2610.124352331606,4696.339378238342,386,4684,2600,4709,2623,ventral
demo_image,demo_image.tif,left,CPu_L,2134,2876.432314410481,4701.187772925764,458,4689,2866,4716,2889,ventral
demo_image,demo_image.tif,left,CPu_L,2135,2997.7903930131006,4699.515283842795,458,4689,2984,4711,3016,ventral
demo_image,demo_image.tif,left,CPu_L,2136,2704.2902208201895,4702.791798107255,317,4694,2694,4712,2716,ventral
demo_image,demo_image.tif,left,CPu_L,2137,2929.9710144927535,4713.349896480331,966,4696,2912,4731,2949,ventral
demo_image,demo_image.tif,left,CPu_L,2138,2225.4536384976527,4730.444835680752,1704,4699,2210,4766,2244,ventral
demo_image,demo_image.tif,left,CPu_L,2142,2646.3515037593984,4718.8853383458645,532,4703,2635,4734,2659,ventral
demo_image,demo_image.tif,left,CPu_L,2143,2788.1129943502824,4717.909604519774,531,4704,2776,4733,2801,ventral
demo_image,demo_image.tif,left,CPu_L,2144,2999.4271117166213,4724.061307901908,1468,4705,2974,4745,3026,ventral
demo_image,demo_image.tif,left,CPu_L,2146,2599.4707903780068,4732.672394043528,873,4710,2585,4754,2614,ventral
demo_image,demo_image.tif,left,CPu_L,2148,3047.0859465737512,4725.8281068524975,861,4711,3025,4745,3067,ventral
demo_image,demo_image.tif,left,CPu_L,2151,2840.427432216906,4731.336523125997,627,4716,2828,4749,2853,ventral
demo_image,demo_image.tif,left,CPu_L,2152,2576.319520174482,4741.412213740458,917,4718,2560,4768,2593,ventral
demo_image,demo_image.tif,left,CPu_L,2153,3034.3802992518704,4745.1034912718205,802,4728,3015,4761,3054,ventral
demo_image,demo_image.tif,left,CPu_L,2155,2777.479099678457,4741.48231511254,311,4731,2769,4753,2788,ventral
demo_image,demo_image.tif,left,CPu_L,2158,2494.85738980121,4759.247191011236,1157,4737,2478,4784,2513,ventral
demo_image,demo_image.tif,left,CPu_L,2159,3012.063025210084,4756.189075630252,714,4742,2993,4772,3032,ventral
demo_image,demo_image.tif,left,CPu_L,2162,2266.3761384335153,4765.0901639344265,1098,4744,2248,4786,2282,ventral
demo_image,demo_image.tif,left,CPu_L,2163,2809.794478527607,4766.622699386503,652,4751,2796,4784,2823,ventral
demo_image,demo_image.tif,left,CPu_L,2166,2431.597232897771,4785.991544965411,1301,4761,2409,4816,2452,ventral
demo_image,demo_image.tif,left,CPu_L,2167,2871.529411764706,4775.213725490196,510,4761,2861,4791,2883,ventral
demo_image,demo_image.tif,left,CPu_L,2168,2405.8327370304114,4784.899821109124,1118,4762,2390,4809,2421,ventral
demo_image,demo_image.tif,left,CPu_L,2169,2228.240226628895,4795.437960339943,1765,4769,2203,4823,2255,ventral
demo_image,demo_image.tif,left,CPu_L,2170,2726.65988909427,4791.859519408503,541,4774,2716,4809,2739,ventral
demo_image,demo_image.tif,left,CPu_L,2171,2741.31914893617,4788.321513002364,423,4774,2732,4806,2751,ventral
demo_image,demo_image.tif,left,CPu_L,2172,2938.816065192084,4796.135040745053,859,4776,2927,4818,2954,ventral
demo_image,demo_image.tif,left,CPu_L,2173,2795.6869918699185,4800.641260162602,984,4780,2778,4822,2812,ventral
demo_image,demo_image.tif,left,CPu_L,2174,2279.3869900771774,4809.423373759647,907,4789,2262,4830,2295,ventral
demo_image,demo_image.tif,left,CPu_L,2175,2911.0558035714284,4805.584821428572,448,4792,2899,4820,2924,ventral
demo_image,demo_image.tif,left,CPu_L,2177,2774.2616555661275,4821.750713606089,1051,4798,2759,4845,2789,ventral
demo_image,demo_image.tif,left,CPu_L,2178,2902.4095477386936,4822.611809045226,796,4802,2882,4844,2921,ventral
demo_image,demo_image.tif,left,CPu_L,2180,2949.630303030303,4836.011255411256,1155,4810,2932,4859,2966,ventral
demo_image,demo_image.tif,left,CPu_L,2183,2591.6017925736237,4832.822023047375,781,4818,2575,4849,2608,ventral
demo_image,demo_image.tif,left,CPu_L,2184,2506.650329877474,4840.521206409048,1061,4823,2488,4859,2530,ventral
demo_image,demo_image.tif,left,CPu_L,2185,2644.6289752650177,4851.018845700824,849,4835,2626,4867,2665,ventral
demo_image,demo_image.tif,left,CPu_L,2187,2624.8626716604244,4867.913857677902,801,4853,2606,4882,2646,ventral
